G3E_FID,MUNICIPIO,SUBESTACIO,CIRCUITO,CIRCUITO_S,EST_ESTABL,CUCHILL_CODE,TIPO_RED,TENSION,FASES,USO,LATITUDE,LONGITUDE,FECHA_COLO,FECHA_MODI,CLASIFICAC,NODO1_ID,NODO2_ID,SUBESTACI1,NUMERO_FAS,MUNICIPIO_CODE,SUBREGION
6001428,TURBO,URABA,411-42,411-42,CLOSED,C4401,SUBTRANSMISION,44.0,RST,SALIDA DE CTO,8.05216,-76.65406,2008-01-15,2020-03-13,RURAL,0,58013386,URABA,3F,5837,TURBO
6001437,TURBO,URABA,411-43,411-43,CLOSED,C4402,SUBTRANSMISION,44.0,RST,SALIDA DE CTO,8.05222,-76.65406,2008-01-15,2014-07-30,RURAL,51140744,51140746,URABA,3F,5837,TURBO
6001440,TURBO,URABA,411-44,411-44,CLOSED,C4403,SUBTRANSMISION,44.0,TSR,SALIDA DE CTO,8.05222,-76.65406,2008-01-15,2014-07-30,RURAL,51140749,51140751,URABA,3F,5837,TURBO
6001692,APARTADÓ,APARTADO,401-41,401-41,CLOSED,C4396,SUBTRANSMISION,44.0,TSR,SALIDA DE CTO,7.874569999999999,-76.61059,2008-01-17,2018-07-07,URBANO,51141268,51141269,APARTADO,3F,5045,APARTADO
6001708,APARTADÓ,APARTADO,401-11,401-11,CLOSED,C41180,PRIMARIA,13.2,RST,SALIDA DE CTO,7.87513,-76.61005,2008-01-17,2018-07-07,URBANO,57526396,57374255,APARTADO,3F,5045,APARTADO
6001771,APARTADÓ,APARTADO,401-42,401-42,CLOSED,C4397,SUBTRANSMISION,44.0,TSR,SALIDA DE CTO,7.875210000000001,-76.6105,2008-01-18,2018-07-07,URBANO,51141500,51141503,APARTADO,3F,5045,APARTADO
6001968,APARTADÓ,APARTADO,401-16,401-16,CLOSED,C41174,PRIMARIA,13.2,STR,SALIDA DE CTO,7.874569999999999,-76.61071,2008-01-21,2018-07-07,URBANO,57526414,47637081,APARTADO,3F,5045,APARTADO
6001978,APARTADÓ,APARTADO,401-13,401-13,CLOSED,C41177,PRIMARIA,13.2,RTS,SALIDA DE CTO,7.875210000000001,-76.61049,2008-01-21,2018-07-07,URBANO,57526405,51142128,APARTADO,3F,5045,APARTADO
6002037,APARTADÓ,APARTADO,401-14,401-14,CLOSED,C41178,PRIMARIA,13.2,RST,SALIDA DE CTO,7.875139999999999,-76.61067,2008-01-21,2018-07-07,URBANO,57527033,47633221,APARTADO,3F,5045,APARTADO
6002075,APARTADÓ,APARTADO,401-15,401-15,CLOSED,C41179,PRIMARIA,13.2,RST,SALIDA DE CTO,7.87517,-76.61066,2008-01-21,2018-07-07,URBANO,57526411,47633381,APARTADO,3F,5045,APARTADO
6002228,APARTADÓ,APARTADO,401-17,401-17,CLOSED,C41175,PRIMARIA,13.2,RTS,SALIDA DE CTO,7.87458,-76.61076,2008-01-22,2018-07-07,URBANO,57526415,51143061,APARTADO,3F,5045,APARTADO
6002283,APARTADÓ,APARTADO,401-18,401-18,CLOSED,C41176,PRIMARIA,13.2,STR,SALIDA DE CTO,7.8745899999999995,-76.61076,2008-01-23,2018-07-07,URBANO,51143246,51143249,APARTADO,3F,5045,APARTADO
6002372,APARTADÓ,APARTADO,401-12,401-12,CLOSED,C41182,PRIMARIA,13.2,RST,SALIDA DE CTO,7.875139999999999,-76.61005,2008-01-23,2018-07-07,URBANO,57526401,51143485,APARTADO,3F,5045,APARTADO
6002429,TURBO,URABA,411-11,411-11,CLOSED,C442,PRIMARIA,13.2,RST,SALIDA DE CTO,8.05188,-76.65414,2008-01-24,2012-08-24,RURAL,51143669,47674580,URABA,3F,5837,TURBO
6002754,TURBO,URABA,411-12,411-12,CLOSED,C443,PRIMARIA,13.2,RST,SALIDA DE CTO,8.05188,-76.65413000000001,2008-01-25,2017-04-04,RURAL,51144474,47674590,URABA,3F,5837,TURBO
6002837,TURBO,URABA,411-13,411-13,CLOSED,C444,PRIMARIA,13.2,RST,SALIDA DE CTO,8.05256,-76.65429,2008-01-25,2012-02-01,RURAL,51144639,47674613,URABA,3F,5837,TURBO
6002950,TURBO,TURBO,402-11,402-11,CLOSED,C4970,PRIMARIA,13.2,TSR,SALIDA DE CTO,8.10966,-76.73263,2008-01-28,2012-12-06,RURAL,51145015,47634055,TURBO,3F,5837,TURBO
6002956,TURBO,TURBO,402-12,402-12,CLOSED,C4770,PRIMARIA,13.2,RST,SALIDA DE CTO,8.10972,-76.73253000000001,2008-01-28,2017-04-05,RURAL,51145028,47634175,TURBO,3F,5837,TURBO
6002964,TURBO,TURBO,402-13,402-13,CLOSED,C4768,PRIMARIA,13.2,TSR,SALIDA DE CTO,8.10977,-76.73236,2008-01-28,2017-04-05,RURAL,51145056,51145061,TURBO,3F,5837,TURBO
6002969,TURBO,TURBO,402-15,402-15,CLOSED,C4972,PRIMARIA,13.2,RST,SALIDA DE CTO,8.10971,-76.73257,2008-01-28,2012-05-02,RURAL,51145079,47634635,TURBO,3F,5837,TURBO
6002978,TURBO,TURBO,402-14,402-14,CLOSED,C4971,PRIMARIA,13.2,TSR,SALIDA DE CTO,8.10971,-76.73257,2008-01-28,2012-05-02,RURAL,51145111,47634483,TURBO,3F,5837,TURBO
6002990,TURBO,TURBO,402-16,402-16,CLOSED,C4769,PRIMARIA,13.2,RST,SALIDA DE CTO,8.10972,-76.73252,2008-01-28,2017-04-05,RURAL,51145126,47634750,TURBO,3F,5837,TURBO
6003608,APARTADÓ,APARTADO,401-15,401-13,OPEN,C4479,PRIMARIA,13.2,RST,NORMAL,7.88616,-76.63152,2008-01-31,2018-07-07,URBANO,57440222,57145596,APARTADO,3F,5045,APARTADO
6003614,CHIGORODÓ,CHIGORODO,403-12,403-12,CLOSED,C41224,PRIMARIA,13.2,RST,SALIDA DE CTO,7.67278,-76.67859,2008-01-31,2018-07-07,URBANO,51146780,51146784,CHIGORODO,3F,5172,APARTADO
6003705,CHIGORODÓ,CHIGORODO,403-13,403-13,CLOSED,C41225,PRIMARIA,13.2,RST,SALIDA DE CTO,7.67278,-76.67859,2008-02-01,2018-07-07,URBANO,51147196,47635409,CHIGORODO,3F,5172,APARTADO
6003718,CHIGORODÓ,CHIGORODO,403-14,403-14,CLOSED,C41226,PRIMARIA,13.2,RST,SALIDA DE CTO,7.67295,-76.67854,2008-02-01,2018-07-07,URBANO,57146944,51147219,CHIGORODO,3F,5172,APARTADO
6003745,CHIGORODÓ,CHIGORODO,403-16,403-16,CLOSED,C4379,PRIMARIA,13.2,RST,SALIDA DE CTO,7.67285,-76.6782,2008-02-01,2018-07-07,URBANO,51147258,51148733,CHIGORODO,3F,5172,APARTADO
6003754,MUTATÁ,CAUCHERAS,404-11,404-11,CLOSED,C41567,PRIMARIA,13.2,TSR,SALIDA DE CTO,7.3341899999999995,-76.48418000000001,2008-02-01,2019-03-28,RURAL,51147271,57753728,CAUCHERAS,3F,5480,APARTADO
6003761,MUTATÁ,CAUCHERAS,404-12,404-12,CLOSED,C4369,PRIMARIA,13.2,TSR,SALIDA DE CTO,7.334169999999999,-76.48406,2008-02-01,2018-07-07,RURAL,51147283,57364348,CAUCHERAS,3F,5480,APARTADO
6003767,CAREPA,ZUNGO,405-11,405-11,CLOSED,C4469,PRIMARIA,13.2,RST,SALIDA DE CTO,7.85115,-76.74418,2008-02-01,2013-07-08,RURAL,51147300,57294342,ZUNGO,3F,5147,APARTADO
6003772,CAREPA,ZUNGO,405-12,405-12,CLOSED,C4471,PRIMARIA,13.2,TSR,SALIDA DE CTO,7.851210000000001,-76.74424,2008-02-01,2020-06-26,RURAL,51147315,70762486,ZUNGO,3F,5147,APARTADO
6003777,CAREPA,ZUNGO,405-13,405-13,CLOSED,C4473,PRIMARIA,13.2,RST,SALIDA DE CTO,7.85123,-76.74416,2008-02-01,2013-07-08,RURAL,51147322,51147323,ZUNGO,3F,5147,APARTADO
8003515,APARTADÓ,APARTADO,401-12,401-12,CLOSED,C41184,PRIMARIA,13.2,RST,NORMAL,7.87972,-76.6123,2008-02-23,2018-07-07,URBANO,57400712,57400713,APARTADO,3F,5045,APARTADO
8003545,APARTADÓ,APARTADO,401-12,401-12,CLOSED,C41186,PRIMARIA,13.2,RST,NORMAL,7.88202,-76.61864,2008-02-23,2019-06-18,URBANO,47632999,57953453,APARTADO,3F,5045,APARTADO
8005484,APARTADÓ,APARTADO,401-18,401-15,OPEN,C41083,PRIMARIA,13.2,STR,NORMAL,7.88042,-76.63309,2008-03-07,2018-07-07,URBANO,53151451,57251511,APARTADO,3F,5045,APARTADO
8005565,TURBO,TURBO,402-16,402-15,OPEN,C41195,PRIMARIA,13.2,RST,NORMAL,8.094610000000001,-76.72838,2008-03-10,2017-07-24,URBANO,51146399,57297391,TURBO,3F,5837,TURBO
8006819,TURBO,NUEVA COLONIA,406-11,406-11,CLOSED,C413,PRIMARIA,13.2,TSR,NORMAL,7.931439999999999,-76.63046999999999,2008-03-26,2012-08-22,RURAL,53163948,53163949,NUEVA COLONIA,3F,5837,TURBO
8007073,APARTADÓ,APARTADO,401-11,401-11,CLOSED,C41183,PRIMARIA,13.2,STR,NORMAL,7.87983,-76.61284,2008-03-27,2018-07-07,URBANO,57586098,57632439,APARTADO,3F,5045,APARTADO
8007297,TURBO,URABA,411-11,406-11,OPEN,C41250,PRIMARIA,13.2,RST,NORMAL,7.93576,-76.62188,2008-03-28,2020-03-04,RURAL,58011007,58011012,URABA,3F,5837,TURBO
12004340,CHIGORODÓ,CHIGORODO,403-12,403-12,CLOSED,C4483,PRIMARIA,13.2,RST,NORMAL,7.6698699999999995,-76.68503,2008-04-28,2018-07-07,URBANO,57142266,57142267,CHIGORODO,3F,5172,APARTADO
12005572,CHIGORODÓ,CHIGORODO,403-12,403-12,CLOSED,C41239,PRIMARIA,13.2,TSR,NORMAL,7.670789999999999,-76.68858,2008-05-09,2020-02-27,URBANO,47635304,57391199,CHIGORODO,3F,5172,APARTADO
12005576,CHIGORODÓ,CHIGORODO,403-12,403-12,CLOSED,C41238,PRIMARIA,13.2,RST,NORMAL,7.670160000000001,-76.68874,2008-05-09,2018-07-07,URBANO,57424264,57143068,CHIGORODO,3F,5172,APARTADO
12006104,APARTADÓ,APARTADO,401-15,401-15,CLOSED,C41077,PRIMARIA,13.2,STR,NORMAL,7.88408,-76.63149,2008-05-16,2020-01-27,URBANO,57676720,57676722,APARTADO,3F,5045,APARTADO
12013269,CAREPA,CHIGORODO,403-14,412-11,OPEN,C427,PRIMARIA,13.2,RST,NORMAL,7.75351,-76.66041,2008-06-10,2017-06-07,URBANO,57146986,57146987,CHIGORODO,3F,5147,APARTADO
12029210,CHIGORODÓ,CHIGORODO,403-12,403-12,CLOSED,C4384,PRIMARIA,13.2,RST,NORMAL,7.66887,-76.68044,2008-07-24,2018-07-07,URBANO,57152911,57390140,CHIGORODO,3F,5172,APARTADO
12029371,CHIGORODÓ,CHIGORODO,403-11,403-11,CLOSED,C41223,PRIMARIA,13.2,TSR,SALIDA DE CTO,7.67275,-76.67859,2008-07-24,2018-07-07,URBANO,53151671,57165627,CHIGORODO,3F,5172,APARTADO
12039632,CAREPA,CAREPA,412-11,412-12,OPEN,C4120,PRIMARIA,13.2,RTS,NORMAL,7.75345,-76.65609,2008-08-11,2017-08-24,URBANO,57156048,57387697,CAREPA,3F,5147,APARTADO
12039655,CAREPA,CAREPA,412-12,412-14,OPEN,C428,PRIMARIA,13.2,RST,NORMAL,7.75621,-76.65205999999999,2008-08-11,2017-08-22,URBANO,57262870,57262872,CAREPA,3F,5147,APARTADO
12039670,CAREPA,CAREPA,412-12,412-12,CLOSED,C424,PRIMARIA,13.2,TSR,NORMAL,7.7518899999999995,-76.65398,2008-08-11,2011-09-15,URBANO,57198075,57309134,CAREPA,3F,5147,APARTADO
12041160,CAREPA,CAREPA,412-11,412-11,CLOSED,C426,PRIMARIA,13.2,RTS,NORMAL,7.75445,-76.66017,2008-08-13,2017-08-30,URBANO,47646270,57366708,CAREPA,3F,5147,APARTADO
12072090,CHIGORODÓ,CHIGORODO,403-11,403-11,CLOSED,C41228,PRIMARIA,13.2,TSR,NORMAL,7.67088,-76.68068000000001,2008-10-08,2019-05-09,URBANO,57165638,57165639,CHIGORODO,3F,5172,APARTADO
12072168,CHIGORODÓ,CHIGORODO,403-11,403-11,CLOSED,C41229,PRIMARIA,13.2,TSR,NORMAL,7.670730000000001,-76.68413000000001,2008-10-08,2020-03-30,URBANO,57491462,57165693,CHIGORODO,3F,5172,APARTADO
12072305,CHIGORODÓ,CHIGORODO,403-11,403-12,OPEN,C41231,PRIMARIA,13.2,TSR,NORMAL,7.67225,-76.68753000000001,2008-10-09,2018-07-07,URBANO,57165807,57382865,CHIGORODO,3F,5172,APARTADO
12074326,CHIGORODÓ,CHIGORODO,403-11,403-11,CLOSED,C41230,PRIMARIA,13.2,TSR,NORMAL,7.67355,-76.6858,2008-10-18,2018-07-07,URBANO,57886735,57886738,CHIGORODO,3F,5172,APARTADO
12101850,CHIGORODÓ,CHIGORODO,403-15,403-15,CLOSED,C4380,PRIMARIA,13.2,RST,SALIDA DE CTO,7.672860000000001,-76.6782,2008-10-23,2018-07-07,URBANO,57166888,57166889,CHIGORODO,3F,5172,APARTADO
12102826,CAREPA,ZUNGO,405-11,412-13,OPEN,C403,PRIMARIA,13.2,RST,NORMAL,7.811310000000001,-76.7049,2008-10-28,2012-02-01,RURAL,57167247,57167248,ZUNGO,3F,5147,APARTADO
12172544,CHIGORODÓ,CAUCHERAS,404-12,403-16,OPEN,C4467,PRIMARIA,13.2,RST,NORMAL,7.548139999999999,-76.61153,2009-03-11,2018-07-07,RURAL,57648604,57648863,CAUCHERAS,3F,5172,APARTADO
12179009,TURBO,TURBO,402-12,402-12,CLOSED,C4175,PRIMARIA,13.2,TSR,NORMAL,8.09725,-76.73735,2009-05-05,2019-06-07,URBANO,47634122,57187988,TURBO,3F,5837,TURBO
12204133,APARTADÓ,APARTADO,401-11,401-12,OPEN,C41193,PRIMARIA,13.2,RST,NORMAL,7.88968,-76.62982,2009-07-28,2018-07-07,URBANO,47632503,57195170,APARTADO,3F,5045,APARTADO
12205929,APARTADÓ,APARTADO,401-13,401-13,CLOSED,C4480,PRIMARIA,13.2,STR,NORMAL,7.888780000000001,-76.6332,2009-08-03,2020-02-05,URBANO,57381948,57381949,APARTADO,3F,5045,APARTADO
12205941,APARTADÓ,APARTADO,401-13,401-13,CLOSED,C4476,PRIMARIA,13.2,RTS,NORMAL,7.88543,-76.63014,2009-08-03,2018-07-07,URBANO,47633119,57195727,APARTADO,3F,5045,APARTADO
12205957,APARTADÓ,APARTADO,401-11,401-13,OPEN,C41189,PRIMARIA,13.2,RST,NORMAL,7.8954699999999995,-76.63381,2009-08-03,2018-07-07,URBANO,57195732,57195739,APARTADO,3F,5045,APARTADO
12223085,APARTADÓ,APARTADO,401-17,401-17,CLOSED,C41625,PRIMARIA,13.2,STR,NORMAL,7.8768,-76.62767,2009-09-01,2018-07-07,URBANO,47633877,57378841,APARTADO,3F,5045,APARTADO
12233108,APARTADÓ,APARTADO,401-11,401-11,CLOSED,C41187,PRIMARIA,13.2,STR,NORMAL,7.88478,-76.62428,2009-09-16,2018-07-07,URBANO,57604427,57604429,APARTADO,3F,5045,APARTADO
12236479,TURBO,TURBO,402-16,411-13,OPEN,C441,PRIMARIA,13.2,RST,NORMAL,8.09319,-76.71325999999999,2009-09-19,2012-03-29,URBANO,57404337,57404339,TURBO,3F,5837,TURBO
12239979,CHIGORODÓ,CHIGORODO,403-13,403-13,CLOSED,C4871,PRIMARIA,13.2,RST,NORMAL,7.670669999999999,-76.68046,2009-09-22,2020-04-29,URBANO,57211340,57211341,CHIGORODO,3F,5172,APARTADO
12241060,APARTADÓ,APARTADO,401-18,401-16,OPEN,C4377,PRIMARIA,13.2,STR,NORMAL,7.8777800000000004,-76.63386,2009-09-23,2020-02-21,URBANO,57205986,57205989,APARTADO,3F,5045,APARTADO
12243836,TURBO,TURBO,402-14,402-16,OPEN,C435,PRIMARIA,13.2,TSR,NORMAL,8.09495,-76.71685,2009-09-25,2020-04-30,URBANO,57206867,57358376,TURBO,3F,5837,TURBO
12247825,CHIGORODÓ,CHIGORODO,403-12,403-13,OPEN,C4385,PRIMARIA,13.2,RST,NORMAL,7.66785,-76.67954,2009-09-30,2020-02-27,URBANO,57207975,57207970,CHIGORODO,3F,5172,APARTADO
12247853,APARTADÓ,APARTADO,401-18,401-18,CLOSED,C4668,PRIMARIA,13.2,STR,NORMAL,7.87967,-76.62853,2009-09-30,2019-06-07,URBANO,47633949,57207984,APARTADO,3F,5045,APARTADO
12252477,APARTADÓ,CAREPA,412-13,401-16,OPEN,C4165,PRIMARIA,13.2,SRT,NORMAL,7.82065,-76.64959,2009-10-06,2018-07-07,RURAL,57209310,57209312,CAREPA,3F,5045,APARTADO
12253286,APARTADÓ,APARTADO,401-13,401-14,OPEN,C4869,PRIMARIA,13.2,RTS,NORMAL,7.8825199999999995,-76.62608,2009-10-07,2018-07-07,URBANO,57374842,57379113,APARTADO,3F,5045,APARTADO
12253291,CAREPA,APARTADO,401-42,401-42,CLOSED,C4123,SUBTRANSMISION,44.0,TSR,NORMAL,7.790430000000001,-76.65311,2009-10-07,2014-04-28,RURAL,57567750,57567751,APARTADO,3F,5147,APARTADO
12253295,CAREPA,APARTADO,401-41,401-42,OPEN,C4148,SUBTRANSMISION,44.0,RST,NORMAL,7.777,-76.65605,2009-10-07,2019-11-20,RURAL,57844062,57987704,APARTADO,3F,5147,APARTADO
12259226,CHIGORODÓ,CHIGORODO,403-15,403-11,OPEN,C41227,PRIMARIA,13.2,RST,NORMAL,7.6709,-76.67973,2009-10-19,2018-07-07,URBANO,57211369,57211370,CHIGORODO,3F,5172,APARTADO
12259283,CHIGORODÓ,CHIGORODO,403-13,403-16,OPEN,C4582,PRIMARIA,13.2,TSR,NORMAL,7.66288,-76.67352,2009-10-19,2018-07-07,URBANO,47688965,57211392,CHIGORODO,3F,5172,APARTADO
12264547,CAREPA,ZUNGO,405-11,405-11,CLOSED,C401,PRIMARIA,13.2,RST,NORMAL,7.84805,-76.74095,2009-10-26,2012-01-27,RURAL,57392753,57291564,ZUNGO,3F,5147,APARTADO
12264555,CAREPA,ZUNGO,405-13,405-11,OPEN,C402,PRIMARIA,13.2,RST,NORMAL,7.8263300000000005,-76.73053,2009-10-26,2012-01-30,RURAL,47689352,47689261,ZUNGO,3F,5147,APARTADO
12264907,TURBO,URABA,411-43,411-43,CLOSED,C484,SUBTRANSMISION,44.0,RST,NORMAL,8.12545,-76.6927,2009-10-27,2018-08-09,RURAL,47146109,57212969,URABA,3F,5837,TURBO
12264909,TURBO,URABA,411-42,411-43,OPEN,C486,SUBTRANSMISION,44.0,TSR,NORMAL,8.12547,-76.69305,2009-10-27,2020-05-11,RURAL,70752932,47146108,URABA,3F,5837,TURBO
12266005,APARTADÓ,APARTADO,401-12,401-12,CLOSED,C41188,PRIMARIA,13.2,RST,NORMAL,7.88479,-76.62422,2009-10-28,2018-07-07,URBANO,57221676,57604428,APARTADO,3F,5045,APARTADO
12266011,APARTADÓ,APARTADO,401-11,401-11,CLOSED,C41185,PRIMARIA,13.2,STR,NORMAL,7.88219,-76.61858000000001,2009-10-28,2018-07-07,URBANO,57456644,57456645,APARTADO,3F,5045,APARTADO
12267352,MUTATÁ,CAUCHERAS,404-11,404-12,OPEN,C4162,PRIMARIA,13.2,RST,NORMAL,7.336760000000001,-76.4895,2009-10-29,2019-03-28,RURAL,57938412,57938423,CAUCHERAS,3F,5480,APARTADO
12267362,MUTATÁ,CAUCHERAS,404-12,404-12,CLOSED,C415,PRIMARIA,13.2,TSR,NORMAL,7.33673,-76.4895,2009-10-30,2019-03-28,RURAL,57938423,57938422,CAUCHERAS,3F,5480,APARTADO
12267368,MUTATÁ,CAUCHERAS,404-11,404-11,CLOSED,C4161,PRIMARIA,13.2,TSR,NORMAL,7.3368,-76.48892,2009-10-30,2019-03-28,RURAL,57938390,57938411,CAUCHERAS,3F,5480,APARTADO
12270031,APARTADÓ,APARTADO,401-15,401-15,CLOSED,C41080,PRIMARIA,13.2,RTS,NORMAL,7.88462,-76.63502,2009-11-04,2020-01-27,URBANO,47688546,57529045,APARTADO,3F,5045,APARTADO
12272928,SAN PEDRO DE URABÁ,S.PEDRO URABA,407-12,407-12,CLOSED,C4156,PRIMARIA,13.2,TSR,NORMAL,8.28538,-76.37834000000001,2009-11-07,2018-07-07,RURAL,47639598,57215547,S.PEDRO URABA,3F,5665,TURBO
12274195,CAREPA,ZUNGO,405-13,405-13,CLOSED,C4150,PRIMARIA,13.2,RST,NORMAL,7.84817,-76.74076,2017-05-03,2017-05-03,RURAL,57297239,57297240,ZUNGO,3F,5147,APARTADO
12282574,ARBOLETES,ARBOLETES,409-11,409-13,OPEN,C4158,PRIMARIA,13.2,RST,NORMAL,8.851510000000001,-76.42815,2009-11-20,2017-08-23,URBANO,57410012,57218330,ARBOLETES,3F,5051,TURBO
12282660,ARBOLETES,ARBOLETES,409-30,409-30,CLOSED,C4399,SUBTRANSMISION,44.0,RST,NORMAL,8.85297,-76.41812,2009-11-20,2016-06-16,RURAL,57738545,57738546,ARBOLETES,3F,5051,TURBO
12284806,TURBO,TURBO,402-16,402-16,OPEN,C438,PRIMARIA,13.2,RST,NORMAL,8.0915,-76.72853,2009-11-28,2020-05-06,URBANO,70751902,70751887,TURBO,3F,5837,TURBO
12284807,TURBO,TURBO,402-16,402-16,CLOSED,C437,PRIMARIA,13.2,RST,NORMAL,8.09292,-76.73111999999999,2009-11-28,2018-07-07,URBANO,47634761,57219120,TURBO,3F,5837,TURBO
12296316,TURBO,TURBO,402-14,402-14,OPEN,C436,PRIMARIA,13.2,RST,NORMAL,8.10009,-76.72125,2009-12-23,2017-09-07,URBANO,57223302,57223303,TURBO,3F,5837,TURBO
12297753,CAREPA,APARTADO,401-42,401-42,CLOSED,C4147,SUBTRANSMISION,44.0,TSR,NORMAL,7.78384,-76.6546,2009-12-29,2014-10-20,RURAL,57436991,57436992,APARTADO,3F,5147,APARTADO
12298430,APARTADÓ,APARTADO,401-16,401-16,CLOSED,C4375,PRIMARIA,13.2,RST,NORMAL,7.87713,-76.62592,2009-12-31,2018-07-07,URBANO,51142095,57230113,APARTADO,3F,5045,APARTADO
12298432,APARTADÓ,APARTADO,401-16,401-17,OPEN,C4376,PRIMARIA,13.2,RST,NORMAL,7.877089999999999,-76.63305,2009-12-31,2020-03-09,URBANO,47637030,57616224,APARTADO,3F,5045,APARTADO
12298770,CAREPA,APARTADO,401-41,412-41,OPEN,C4146,SUBTRANSMISION,44.0,TSR,NORMAL,7.77975,-76.65581999999999,2010-01-04,2019-11-19,RURAL,57802671,57987311,APARTADO,3F,5147,APARTADO
12301186,CAREPA,CAREPA,412-41,412-41,CLOSED,C4149,SUBTRANSMISION,44.0,TSR,NORMAL,7.81133,-76.70492,2010-01-07,2019-11-19,RURAL,57437205,57437249,CAREPA,3F,5147,APARTADO
12310274,APARTADÓ,APARTADO,401-15,401-15,CLOSED,C41079,PRIMARIA,13.2,RTS,NORMAL,7.883589999999999,-76.63415,2010-01-25,2018-07-07,URBANO,57231075,57231076,APARTADO,3F,5045,APARTADO
12310322,APARTADÓ,APARTADO,401-15,401-15,CLOSED,C41078,PRIMARIA,13.2,RTS,NORMAL,7.8824,-76.63280999999999,2010-01-25,2019-05-06,URBANO,47633338,57228251,APARTADO,3F,5045,APARTADO
12310698,APARTADÓ,APARTADO,401-18,401-18,CLOSED,C41274,PRIMARIA,13.2,RTS,NORMAL,7.879339999999999,-76.63343,2010-01-26,2018-07-07,URBANO,57775496,57228348,APARTADO,3F,5045,APARTADO
12312126,CHIGORODÓ,CHIGORODO,403-13,403-13,CLOSED,C4872,PRIMARIA,13.2,RST,NORMAL,7.665830000000001,-76.67707,2010-01-28,2019-06-07,URBANO,47635413,57228850,CHIGORODO,3F,5172,APARTADO
12315512,TURBO,TURBO,402-16,402-16,CLOSED,C4118,PRIMARIA,13.2,RST,NORMAL,8.09218,-76.72761,2010-02-02,2019-05-07,URBANO,57363811,57363810,TURBO,3F,5837,TURBO
12321480,TURBO,TURBO,402-15,402-15,CLOSED,C4169,PRIMARIA,13.2,TSR,NORMAL,8.095089999999999,-76.72700999999999,2010-02-09,2012-05-07,URBANO,57361037,57361038,TURBO,3F,5837,TURBO
12321481,TURBO,TURBO,402-15,402-15,CLOSED,C4170,PRIMARIA,13.2,TSR,NORMAL,8.092189999999999,-76.72596,2010-02-09,2012-05-07,URBANO,57232200,57232201,TURBO,3F,5837,TURBO
12321487,TURBO,TURBO,402-15,402-16,OPEN,C4173,PRIMARIA,13.2,RST,NORMAL,8.09046,-76.72711,2010-02-09,2013-01-25,URBANO,57471373,51145142,TURBO,3F,5837,TURBO
12325181,APARTADÓ,APARTADO,401-18,401-18,CLOSED,C41273,PRIMARIA,13.2,RTS,NORMAL,7.87825,-76.63314,2010-02-12,2018-07-07,URBANO,57240192,57775494,APARTADO,3F,5045,APARTADO
12355202,CHIGORODÓ,CHIGORODO,403-16,403-16,CLOSED,C4671,PRIMARIA,13.2,RST,NORMAL,7.6586,-76.67105,2010-03-09,2018-07-07,RURAL,47636245,57244351,CHIGORODO,3F,5172,APARTADO
12359500,TURBO,URABA,411-12,411-12,CLOSED,C446,PRIMARIA,13.2,TSR,NORMAL,8.03133,-76.64805,2010-03-15,2013-06-11,RURAL,47642544,57245790,URABA,3F,5837,TURBO
12359515,TURBO,URABA,411-41,411-41,CLOSED,C456,SUBTRANSMISION,44.0,RST,NORMAL,7.931080000000001,-76.62151,2010-03-15,2018-07-07,RURAL,57429174,57429175,URABA,3F,5837,TURBO
12359530,TURBO,URABA,411-11,411-11,CLOSED,C41330,PRIMARIA,13.2,RST,NORMAL,8.00506,-76.64086,2010-03-15,2017-04-04,RURAL,57388057,57388059,URABA,3F,5837,TURBO
12368655,TURBO,TURBO,402-15,402-15,OPEN,C4171,PRIMARIA,13.2,RST,NORMAL,8.0904,-76.72576,2010-03-29,2020-06-24,URBANO,70762154,70762155,TURBO,3F,5837,TURBO
12369460,MUTATÁ,CAUCHERAS,404-11,404-11,CLOSED,C4163,PRIMARIA,13.2,TSR,NORMAL,7.3039,-76.48549,2010-04-05,2020-05-04,RURAL,57364740,57364741,CAUCHERAS,3F,5480,APARTADO
12370573,SAN PEDRO DE URABÁ,S.PEDRO URABA,407-12,407-11,OPEN,C4155,PRIMARIA,13.2,RST,NORMAL,8.27707,-76.37889,2010-04-06,2018-07-07,URBANO,57531063,57531374,S.PEDRO URABA,3F,5665,TURBO
12375355,APARTADÓ,APARTADO,401-15,401-18,OPEN,C41082,PRIMARIA,13.2,RST,NORMAL,7.88076,-76.63299,2010-04-13,2018-07-07,URBANO,57155988,57251516,APARTADO,3F,5045,APARTADO
12384070,TURBO,TURBO,402-16,402-16,CLOSED,C440,PRIMARIA,13.2,RST,NORMAL,8.0943,-76.71735,2010-04-27,2012-03-29,URBANO,57254392,57254393,TURBO,3F,5837,TURBO
12390864,TURBO,URABA,411-11,411-11,OPEN,C4192,PRIMARIA,13.2,RST,NORMAL,7.98751,-76.6357,2010-05-07,2016-11-24,RURAL,47642234,53145357,URABA,3F,5837,TURBO
12393619,TURBO,URABA,411-44,411-44,CLOSED,C4109,SUBTRANSMISION,44.0,RST,NORMAL,8.20293,-76.52534,2010-05-13,2012-09-11,RURAL,57257725,57257728,URABA,3F,5837,TURBO
12393628,TURBO,URABA,411-44,411-44,CLOSED,C4108,SUBTRANSMISION,44.0,TSR,NORMAL,8.10265,-76.61081999999999,2010-05-13,2012-09-06,RURAL,47146236,57257734,URABA,3F,5837,TURBO
12401551,TURBO,URABA,411-43,411-43,OPEN,C487,SUBTRANSMISION,44.0,RST,NORMAL,8.19759,-76.74483000000001,2010-05-28,2018-08-09,RURAL,57801336,57801337,URABA,3F,5837,TURBO
12403879,APARTADÓ,APARTADO,401-16,401-16,CLOSED,C4381,PRIMARIA,13.2,STR,NORMAL,7.84696,-76.64265,2010-06-01,2020-04-30,RURAL,47636944,57389828,APARTADO,3F,5045,APARTADO
12405916,TURBO,TURBO,402-13,411-13,OPEN,C4184,PRIMARIA,13.2,RST,NORMAL,8.12762,-76.68843000000001,2010-06-03,2018-07-07,RURAL,57171689,57261691,TURBO,3F,5837,TURBO
12406349,TURBO,URABA,411-13,411-13,CLOSED,C447,PRIMARIA,13.2,RST,NORMAL,8.06038,-76.6567,2010-06-04,2012-09-20,RURAL,57393503,57261866,URABA,3F,5837,TURBO
12409388,CAREPA,CAREPA,412-11,412-11,CLOSED,C4166,PRIMARIA,13.2,TRS,NORMAL,7.76423,-76.65819,2010-06-10,2020-05-04,RURAL,57262859,57262860,CAREPA,3F,5147,APARTADO
12409413,CAREPA,CAREPA,412-12,412-12,CLOSED,C420,PRIMARIA,13.2,RST,NORMAL,7.758889999999999,-76.65686,2010-06-10,2017-06-09,URBANO,47646336,57387485,CAREPA,3F,5147,APARTADO
12409417,CAREPA,CAREPA,412-12,412-12,CLOSED,C421,PRIMARIA,13.2,TSR,NORMAL,7.75707,-76.65583000000001,2010-06-10,2011-09-13,URBANO,57262877,57262878,CAREPA,3F,5147,APARTADO
12418797,CAREPA,CAREPA,412-12,412-12,CLOSED,CT423,PRIMARIA,13.2,TSR,NORMAL,7.7564,-76.65297,2010-06-29,2014-05-09,URBANO,57166342,57265965,CAREPA,3F,5147,APARTADO
12426932,CAREPA,ZUNGO,405-13,405-12,OPEN,C4102,PRIMARIA,13.2,RST,NORMAL,7.85087,-76.74199,2010-07-09,2017-05-09,RURAL,47638522,57268728,ZUNGO,3F,5147,APARTADO
12451598,TURBO,TURBO,402-12,402-12,CLOSED,C4174,PRIMARIA,13.2,TSR,NORMAL,8.10041,-76.73131,2010-08-17,2017-07-17,URBANO,57364037,57364038,TURBO,3F,5837,TURBO
12451644,TURBO,TURBO,402-14,402-14,CLOSED,C4771,PRIMARIA,13.2,TSR,NORMAL,8.10211,-76.73065,2010-08-17,2016-07-06,RURAL,57357894,57743155,TURBO,3F,5837,TURBO
12451679,TURBO,TURBO,402-16,402-16,OPEN,C439,PRIMARIA,13.2,RST,NORMAL,8.09253,-76.72569,2010-08-17,2017-07-24,URBANO,57276983,57276985,TURBO,3F,5837,TURBO
12451919,TURBO,TURBO,402-16,402-16,CLOSED,C4117,PRIMARIA,13.2,RST,NORMAL,8.1005,-76.73134,2010-08-17,2017-07-14,URBANO,57363706,57363707,TURBO,3F,5837,TURBO
12452041,TURBO,TURBO,402-15,402-15,CLOSED,C4167,PRIMARIA,13.2,RST,NORMAL,8.10205,-76.73065,2010-08-18,2016-07-06,URBANO,57277141,57277142,TURBO,3F,5837,TURBO
12453834,TURBO,TURBO,402-14,402-14,OPEN,C431,PRIMARIA,13.2,RST,NORMAL,8.09868,-76.72944,2010-08-20,2018-07-07,URBANO,57277726,57277727,TURBO,3F,5837,TURBO
12455458,APARTADÓ,APARTADO,401-45,401-45,CLOSED,C41074,SUBTRANSMISION,44.0,TSR,NORMAL,7.88507,-76.63179000000001,2010-08-24,2019-07-02,URBANO,57527715,57833681,APARTADO,3F,5045,APARTADO
12461706,APARTADÓ,APARTADO,401-41,401-41,CLOSED,C4145,SUBTRANSMISION,44.0,TSR,NORMAL,7.877280000000001,-76.63373,2010-09-02,2018-07-07,URBANO,57425989,57425990,APARTADO,3F,5045,APARTADO
12470686,TURBO,URABA,411-12,411-13,OPEN,C445,PRIMARIA,13.2,RST,NORMAL,8.0525,-76.6543,2010-09-13,2012-02-01,RURAL,57283239,47674613,URABA,3F,5837,TURBO
12490849,ARBOLETES,S.PEDRO URABA,407-41,407-41,CLOSED,C475,SUBTRANSMISION,44.0,TSR,NORMAL,8.68615,-76.42243,2010-10-11,2017-09-13,RURAL,57837117,57604701,S.PEDRO URABA,3F,5051,TURBO
12490853,ARBOLETES,S.PEDRO URABA,407-41,407-41,CLOSED,C451,SUBTRANSMISION,44.0,TSR,NORMAL,8.68441,-76.41655,2010-10-11,2019-05-20,RURAL,57289812,57289814,S.PEDRO URABA,3F,5051,TURBO
12490856,ARBOLETES,S.PEDRO URABA,407-41,407-41,CLOSED,C4105,SUBTRANSMISION,44.0,RST,NORMAL,8.54125,-76.37661,2010-10-11,2012-08-28,RURAL,57438948,57438949,S.PEDRO URABA,3F,5051,TURBO
12498527,CAREPA,ZUNGO,405-11,405-11,CLOSED,C404,PRIMARIA,13.2,RST,NORMAL,7.8267,-76.73104000000001,2010-10-20,2019-07-02,RURAL,57292075,57292076,ZUNGO,3F,5147,APARTADO
12517399,TURBO,URABA,411-44,411-44,CLOSED,C4101,SUBTRANSMISION,44.0,TSR,NORMAL,8.136569999999999,-76.55193,2010-11-09,2012-09-10,RURAL,57298864,57298865,URABA,3F,5837,TURBO
12523273,NECOCLÍ,NECOCLI,415-12,415-11,OPEN,C408,PRIMARIA,13.2,RST,NORMAL,8.42452,-76.78161999999999,2010-11-16,2018-07-07,URBANO,57300994,57296144,NECOCLI,3F,5490,TURBO
12541666,SAN PEDRO DE URABÁ,URABA,411-44,411-44,CLOSED,C4137,SUBTRANSMISION,44.0,RST,NORMAL,8.28739,-76.39017,2010-12-02,2018-07-07,URBANO,57307626,57678625,URABA,3F,5665,TURBO
12647992,NECOCLÍ,NECOCLI,415-13,415-13,OPEN,C409,PRIMARIA,13.2,TSR,NORMAL,8.497869999999999,-76.71491,2011-02-23,2020-04-02,RURAL,58678276,58678282,NECOCLI,3F,5490,TURBO
12665851,APARTADÓ,APARTADO,401-42,401-42,CLOSED,C4122,SUBTRANSMISION,44.0,TSR,NORMAL,7.87321,-76.63537,2011-03-29,2018-07-07,URBANO,57436355,57436356,APARTADO,3F,5045,APARTADO
12674896,TURBO,URABA,411-44,411-44,CLOSED,C4100,SUBTRANSMISION,44.0,TSR,NORMAL,8.070310000000001,-76.65685,2011-04-07,2012-09-05,RURAL,57341193,57341194,URABA,3F,5837,TURBO
12701886,APARTADÓ,CAREPA,412-13,412-13,CLOSED,C4164,PRIMARIA,13.2,SRT,NORMAL,7.80213,-76.65178,2011-05-25,2019-07-15,RURAL,57958972,57958967,CAREPA,3F,5045,APARTADO
12702586,TURBO,URABA,411-13,411-13,OPEN,C448,PRIMARIA,13.2,RST,NORMAL,8.08331,-76.66445,2011-05-26,2013-04-23,RURAL,57351828,57351835,URABA,3F,5837,TURBO
12702596,TURBO,URABA,411-13,411-13,CLOSED,C449,PRIMARIA,13.2,TSR,NORMAL,8.090010000000001,-76.66606999999999,2011-05-26,2012-04-21,RURAL,57351836,57351837,URABA,3F,5837,TURBO
12703175,NECOCLÍ,NECOCLI,415-11,415-11,CLOSED,C407,PRIMARIA,13.2,RST,NORMAL,8.42408,-76.78505,2011-05-26,2018-07-07,URBANO,57355282,57355283,NECOCLI,3F,5490,TURBO
12703207,SAN JUAN DE URABÁ,ARBOLETES,409-12,409-12,CLOSED,C4159,PRIMARIA,13.2,RST,NORMAL,8.762080000000001,-76.5203,2011-05-26,2018-07-07,RURAL,47641215,57419119,ARBOLETES,3F,5659,TURBO
12703212,SAN JUAN DE URABÁ,ARBOLETES,409-12,409-12,CLOSED,C44374,PRIMARIA,13.2,RST,NORMAL,8.76132,-76.52718,2011-05-26,2018-07-07,URBANO,47641173,57352195,ARBOLETES,3F,5659,TURBO
12704450,TURBO,CIRILO,413-11,413-11,CLOSED,C412,PRIMARIA,7.621,R,NORMAL,8.19102,-76.74286,2011-05-30,2014-04-08,RURAL,57352679,57352680,CIRILO,1F,5837,TURBO
12711800,TURBO,NUEVA COLONIA,406-11,406-11,CLOSED,C41373,PRIMARIA,13.2,TSR,NORMAL,7.9361,-76.69398000000001,2011-06-09,2011-12-13,RURAL,57384810,57386344,NUEVA COLONIA,3F,5837,TURBO
12726159,NECOCLÍ,LA ATOYOSA,414-11,414-11,CLOSED,C43473,PRIMARIA,13.2,TSR,NORMAL,8.5412,-76.62546,2011-07-13,2018-07-07,RURAL,57361831,57361832,LA ATOYOSA,3F,5490,TURBO
12731092,APARTADÓ,APARTADO,401-11,401-11,CLOSED,C41190,PRIMARIA,13.2,STR,NORMAL,7.8902,-76.63038,2011-07-27,2018-07-07,URBANO,57363718,57363720,APARTADO,3F,5045,APARTADO
12735861,MUTATÁ,CAUCHERAS,404-12,404-12,CLOSED,C418,PRIMARIA,13.2,TSR,NORMAL,7.3613100000000005,-76.55893,2011-08-12,2018-07-07,RURAL,57365615,47637525,CAUCHERAS,3F,5480,APARTADO
12736226,CAREPA,CAREPA,412-13,412-13,CLOSED,C41468,PRIMARIA,13.2,SRT,NORMAL,7.77693,-76.65661999999999,2011-08-16,2019-11-19,RURAL,51147499,57987346,CAREPA,3F,5147,APARTADO
12736232,CAREPA,CAREPA,412-11,412-11,CLOSED,C41467,PRIMARIA,13.2,RST,NORMAL,7.77685,-76.65665,2011-08-16,2019-11-18,RURAL,51147477,57851532,CAREPA,3F,5147,APARTADO
12736240,CAREPA,CAREPA,412-12,412-12,CLOSED,C41470,PRIMARIA,13.2,TSR,NORMAL,7.77685,-76.65658,2011-08-16,2019-11-20,RURAL,51147489,57365783,CAREPA,3F,5147,APARTADO
12736245,CAREPA,CAREPA,412-14,412-14,CLOSED,C41469,PRIMARIA,13.2,TSR,NORMAL,7.77687,-76.65656,2011-08-16,2019-11-20,RURAL,57365785,57365791,CAREPA,3F,5147,APARTADO
12736880,MUTATÁ,CAUCHERAS,404-12,404-12,CLOSED,C416,PRIMARIA,13.2,TSR,NORMAL,7.33909,-76.49028,2011-08-17,2018-07-07,RURAL,57366129,57366130,CAUCHERAS,3F,5480,APARTADO
12739556,CHIGORODÓ,CAUCHERAS,404-12,404-12,CLOSED,C41073,PRIMARIA,13.2,TSR,NORMAL,7.49872,-76.57944,2011-08-23,2018-07-07,RURAL,57367183,57367184,CAUCHERAS,3F,5172,APARTADO
12743128,MUTATÁ,CAUCHERAS,404-11,404-11,CLOSED,C4967,PRIMARIA,7.621,T,NORMAL,7.23908,-76.43330999999999,2011-09-01,2020-03-25,RURAL,58015689,58015690,CAUCHERAS,1F,5480,APARTADO
12743136,MUTATÁ,CAUCHERAS,404-11,404-11,CLOSED,C4968,PRIMARIA,7.621,T,NORMAL,7.238989999999999,-76.43329,2011-09-01,2020-03-25,RURAL,58015691,58015692,CAUCHERAS,1F,5480,APARTADO
12747127,TURBO,URABA,411-42,411-42,CLOSED,C4121,SUBTRANSMISION,44.0,TSR,NORMAL,8.1261,-76.69163,2011-09-09,2018-07-07,RURAL,57370030,57370031,URABA,3F,5837,TURBO
12752395,CAREPA,CAREPA,412-13,412-13,CLOSED,C41169,PRIMARIA,13.2,SRT,NORMAL,7.786560000000001,-76.65454,2011-09-20,2019-03-01,RURAL,57621638,57372407,CAREPA,3F,5147,APARTADO
12763098,APARTADÓ,CAREPA,412-13,412-13,CLOSED,C41173,PRIMARIA,13.2,SRT,NORMAL,7.79445,-76.6528,2011-10-08,2018-07-07,RURAL,47646518,57375205,CAREPA,3F,5045,APARTADO
12767124,APARTADÓ,APARTADO,401-15,401-13,OPEN,C41076,PRIMARIA,13.2,STR,NORMAL,7.88555,-76.63452,2011-10-13,2018-07-07,URBANO,57275337,57376586,APARTADO,3F,5045,APARTADO
12770803,APARTADÓ,APARTADO,401-15,401-15,CLOSED,C433,PRIMARIA,13.2,STR,NORMAL,7.87706,-76.61706,2011-10-21,2018-07-07,URBANO,47633373,57377932,APARTADO,3F,5045,APARTADO
12771730,APARTADÓ,APARTADO,401-14,401-14,CLOSED,C4868,PRIMARIA,13.2,STR,NORMAL,7.879739999999999,-76.62169,2011-10-24,2018-07-07,URBANO,57378262,57378265,APARTADO,3F,5045,APARTADO
12771738,APARTADÓ,APARTADO,401-15,401-15,CLOSED,C4767,PRIMARIA,13.2,STR,NORMAL,7.87975,-76.62168,2011-10-24,2018-07-07,URBANO,47633364,57378266,APARTADO,3F,5045,APARTADO
12772313,APARTADÓ,APARTADO,401-17,401-17,CLOSED,C41623,PRIMARIA,13.2,RTS,NORMAL,7.87333,-76.61944,2011-10-25,2018-07-07,URBANO,47633910,57378466,APARTADO,3F,5045,APARTADO
12772887,APARTADÓ,APARTADO,401-17,401-17,CLOSED,C41624,PRIMARIA,13.2,RTS,NORMAL,7.876580000000001,-76.62524,2011-10-26,2018-07-07,URBANO,57378636,57378638,APARTADO,3F,5045,APARTADO
12775457,TURBO,TURBO,402-11,402-11,CLOSED,C4189,PRIMARIA,13.2,TSR,NORMAL,8.1003,-76.7318,2011-10-31,2013-06-11,URBANO,57399251,57399252,TURBO,3F,5837,TURBO
12781213,APARTADÓ,APARTADO,401-13,401-13,CLOSED,C4478,PRIMARIA,13.2,RST,NORMAL,7.887810000000001,-76.63105999999999,2011-11-10,2018-07-07,URBANO,47633108,57381531,APARTADO,3F,5045,APARTADO
12783413,APARTADÓ,APARTADO,401-13,401-13,CLOSED,C4481,PRIMARIA,13.2,RTS,NORMAL,7.8902,-76.6364,2011-11-16,2018-07-07,URBANO,57382327,57382328,APARTADO,3F,5045,APARTADO
12789276,SAN JUAN DE URABÁ,LA ATOYOSA,414-13,409-12,OPEN,C455,PRIMARIA,13.2,RST,NORMAL,8.71914,-76.50227,2011-11-28,2018-10-25,RURAL,57452594,57494822,LA ATOYOSA,3F,5659,TURBO
12797865,CAREPA,CAREPA,412-14,412-14,CLOSED,C4119,PRIMARIA,13.2,RST,NORMAL,7.75968,-76.6556,2011-12-19,2017-08-29,URBANO,57373268,57387463,CAREPA,3F,5147,APARTADO
12798190,CAREPA,CAREPA,412-12,412-11,OPEN,C4357,PRIMARIA,13.2,TSR,NORMAL,7.7561,-76.65649,2011-12-19,2013-01-22,URBANO,57387650,57366647,CAREPA,3F,5147,APARTADO
12805475,APARTADÓ,APARTADO,401-16,401-16,CLOSED,C4382,PRIMARIA,13.2,RTS,NORMAL,7.84611,-76.64488,2012-01-11,2020-03-04,RURAL,58010909,58010913,APARTADO,3F,5045,APARTADO
12805546,APARTADÓ,APARTADO,401-16,401-16,CLOSED,C4383,PRIMARIA,13.2,RTS,NORMAL,7.84618,-76.64495,2012-01-11,2020-03-04,RURAL,58010932,58010937,APARTADO,3F,5045,APARTADO
12807599,CHIGORODÓ,CHIGORODO,403-14,403-14,CLOSED,C4482,PRIMARIA,13.2,RST,NORMAL,7.68203,-76.6767,2012-01-16,2018-07-07,RURAL,57391023,47635500,CHIGORODO,3F,5172,APARTADO
12808199,APARTADÓ,APARTADO,401-16,401-16,CLOSED,C4378,PRIMARIA,13.2,STR,NORMAL,7.86735,-76.63663000000001,2012-01-17,2018-07-07,URBANO,47636998,57451156,APARTADO,3F,5045,APARTADO
12808887,CHIGORODÓ,CHIGORODO,403-12,403-12,CLOSED,C4484,PRIMARIA,13.2,TSR,NORMAL,7.67068,-76.69075,2012-01-19,2018-07-07,URBANO,47635297,57391514,CHIGORODO,3F,5172,APARTADO
12815880,TURBO,URABA,411-13,411-13,CLOSED,C4112,PRIMARIA,13.2,ST,NORMAL,8.093169999999999,-76.61461,2012-02-03,2019-08-14,RURAL,57394056,57394058,URABA,2F,5837,TURBO
12829182,APARTADÓ,APARTADO,401-13,401-13,CLOSED,C4475,PRIMARIA,13.2,RTS,NORMAL,7.88112,-76.62366999999999,2012-02-23,2018-07-07,URBANO,57398608,57398609,APARTADO,3F,5045,APARTADO
12831220,NECOCLÍ,NECOCLI,415-12,415-12,CLOSED,C41198,PRIMARIA,13.2,STR,NORMAL,8.41313,-76.75604,2012-02-27,2018-07-07,RURAL,57399260,57399262,NECOCLI,3F,5490,TURBO
12831228,NECOCLÍ,NECOCLI,415-12,415-12,CLOSED,C41199,PRIMARIA,13.2,STR,NORMAL,8.41317,-76.7559,2012-02-27,2018-07-07,RURAL,57399266,57399267,NECOCLI,3F,5490,TURBO
12831864,TURBO,TURBO,402-11,402-12,OPEN,C4187,PRIMARIA,13.2,TSR,NORMAL,8.08365,-76.74211,2012-02-27,2017-07-17,URBANO,47633990,47634061,TURBO,3F,5837,TURBO
12839919,ARBOLETES,ARBOLETES,409-12,409-12,CLOSED,C4374,PRIMARIA,7.621,T,NORMAL,8.79566,-76.41711,2012-03-12,2019-08-27,RURAL,57968038,57968039,ARBOLETES,1F,5051,TURBO
12840646,APARTADÓ,APARTADO,401-18,401-18,CLOSED,C4667,PRIMARIA,13.2,STR,NORMAL,7.87326,-76.61859,2012-03-13,2018-07-07,RURAL,57402121,57402122,APARTADO,3F,5045,APARTADO
12846021,TURBO,TURBO,402-12,402-14,OPEN,C430,PRIMARIA,13.2,TSR,NORMAL,8.10148,-76.73051,2012-03-26,2017-07-17,URBANO,57403761,47634492,TURBO,3F,5837,TURBO
12846184,TURBO,TURBO,402-13,402-13,CLOSED,C41091,PRIMARIA,13.2,TSR,NORMAL,8.11283,-76.7218,2012-03-26,2012-04-19,RURAL,57403859,57403860,TURBO,3F,5837,TURBO
12847812,TURBO,TURBO,402-13,402-13,CLOSED,C41084,PRIMARIA,13.2,TSR,NORMAL,8.11588,-76.71161,2012-03-29,2012-07-23,RURAL,47634396,57429076,TURBO,3F,5837,TURBO
12852584,ARBOLETES,LA ATOYOSA,414-13,414-13,CLOSED,C43573,PRIMARIA,13.2,RST,NORMAL,8.6946,-76.43023000000001,2012-04-12,2018-09-25,RURAL,57406458,57406293,LA ATOYOSA,3F,5051,TURBO
12862050,TURBO,URABA,411-13,411-13,CLOSED,C4111,PRIMARIA,13.2,TSR,NORMAL,8.08352,-76.706,2012-04-23,2012-05-17,RURAL,57409287,57410859,URABA,3F,5837,TURBO
12864938,TURBO,URABA,411-13,411-13,CLOSED,C41240,PRIMARIA,13.2,RST,NORMAL,8.093960000000001,-76.666,2012-04-26,2012-05-17,RURAL,47642824,57410470,URABA,3F,5837,TURBO
12868825,TURBO,TURBO,402-14,402-14,CLOSED,C434,PRIMARIA,13.2,TSR,NORMAL,8.09554,-76.72749,2012-05-03,2018-07-07,URBANO,57411815,57412075,TURBO,3F,5837,TURBO
12869535,TURBO,TURBO,402-15,402-15,CLOSED,C4172,PRIMARIA,13.2,TSR,NORMAL,8.08972,-76.72497,2012-05-04,2017-09-08,URBANO,51146516,57413352,TURBO,3F,5837,TURBO
12872731,TURBO,URABA,411-12,411-12,CLOSED,C4585,PRIMARIA,13.2,TSR,NORMAL,7.99815,-76.63861999999999,2012-05-09,2019-06-07,RURAL,57412968,57412972,URABA,3F,5837,TURBO
12875467,ARBOLETES,ARBOLETES,409-11,409-11,CLOSED,C43673,PRIMARIA,7.621,R,NORMAL,8.83687,-76.40669,2012-05-11,2012-05-11,RURAL,57185505,57413845,ARBOLETES,1F,5051,TURBO
12875517,ARBOLETES,ARBOLETES,409-11,409-11,CLOSED,C43674,PRIMARIA,7.621,R,NORMAL,8.83671,-76.40665,2012-05-11,2012-05-11,RURAL,57413869,57413870,ARBOLETES,1F,5051,TURBO
12879659,TURBO,URABA,411-12,411-11,OPEN,C41446,PRIMARIA,13.2,TSR,NORMAL,7.991569999999999,-76.63654,2012-05-17,2012-06-08,RURAL,47642646,51143935,URABA,3F,5837,TURBO
12900906,TURBO,URABA,411-11,411-11,CLOSED,C4487,PRIMARIA,13.2,RST,NORMAL,8.026819999999999,-76.64686,2012-06-26,2015-10-20,RURAL,47642121,57423994,URABA,3F,5837,TURBO
12922225,SAN PEDRO DE URABÁ,S.PEDRO URABA,407-41,407-41,CLOSED,C4106,SUBTRANSMISION,44.0,TSR,NORMAL,8.39581,-76.31903,2012-08-06,2018-07-07,RURAL,57432275,57432278,S.PEDRO URABA,3F,5665,TURBO
12933696,TURBO,URABA,411-41,411-41,CLOSED,C461,SUBTRANSMISION,44.0,TSR,NORMAL,7.9382399999999995,-76.67044,2012-08-16,2019-05-03,RURAL,57435690,57435691,URABA,3F,5837,TURBO
12941137,NECOCLÍ,NECOCLI,415-13,414-11,OPEN,C4341,PRIMARIA,13.2,TSR,NORMAL,8.548919999999999,-76.65856,2012-08-22,2018-07-07,RURAL,57544489,57544490,NECOCLI,3F,5490,TURBO
12942802,TURBO,URABA,411-41,411-42,OPEN,C485,SUBTRANSMISION,44.0,RST,NORMAL,8.05205,-76.65414,2012-08-24,2012-08-24,RURAL,57438240,47145747,URABA,3F,5837,TURBO
12942993,NECOCLÍ,NECOCLI,415-12,415-12,CLOSED,C4243,PRIMARIA,13.2,TSR,NORMAL,8.41974,-76.76745,2012-08-27,2018-07-07,RURAL,57301999,57438453,NECOCLI,3F,5490,TURBO
12945777,ARBOLETES,S.PEDRO URABA,407-41,407-41,OPEN,C452,SUBTRANSMISION,44.0,TSR,NORMAL,8.686169999999999,-76.42248000000001,2012-09-03,2017-09-13,RURAL,57837122,57837123,S.PEDRO URABA,3F,5051,TURBO
12945845,APARTADÓ,APARTADO,401-14,401-14,CLOSED,C4867,PRIMARIA,13.2,STR,NORMAL,7.87631,-76.61579,2012-09-03,2018-07-07,URBANO,47633201,57440244,APARTADO,3F,5045,APARTADO
12945883,APARTADÓ,APARTADO,401-13,401-11,OPEN,C4477,PRIMARIA,13.2,RST,NORMAL,7.88965,-76.63006,2012-09-03,2018-07-07,URBANO,57440268,57440269,APARTADO,3F,5045,APARTADO
12945991,APARTADÓ,APARTADO,401-45,401-45,CLOSED,C4126,SUBTRANSMISION,44.0,TSR,NORMAL,7.8918800000000005,-76.62734,2012-09-03,2018-07-07,URBANO,57440300,57440308,APARTADO,3F,5045,APARTADO
12946024,APARTADÓ,APARTADO,401-45,401-45,CLOSED,C4351,SUBTRANSMISION,44.0,RST,SALIDA DE CTO,7.875139999999999,-76.61068,2012-09-03,2018-07-07,URBANO,57238071,57534525,APARTADO,3F,5045,APARTADO
12946282,TURBO,URABA,411-41,411-41,CLOSED,C458,SUBTRANSMISION,44.0,RST,NORMAL,7.93582,-76.62183,2012-09-03,2015-12-03,RURAL,57416148,57440512,URABA,3F,5837,TURBO
12946435,APARTADÓ,APARTADO,401-45,401-42,OPEN,C41075,SUBTRANSMISION,44.0,TSR,NORMAL,7.885110000000001,-76.63183000000001,2012-09-04,2018-07-07,URBANO,57556929,57494389,APARTADO,3F,5045,APARTADO
12946442,APARTADÓ,URABA,411-41,401-45,OPEN,C457,SUBTRANSMISION,44.0,RST,NORMAL,7.893439999999999,-76.6295,2012-09-04,2018-07-07,URBANO,57440657,57442689,URABA,3F,5045,APARTADO
12946728,TURBO,URABA,411-44,411-42,OPEN,C4107,SUBTRANSMISION,44.0,TSR,NORMAL,8.069939999999999,-76.65881999999999,2012-09-05,2012-09-05,RURAL,57440815,57398042,URABA,3F,5837,TURBO
12951170,ARBOLETES,LA ATOYOSA,414-11,414-11,CLOSED,C4352,PRIMARIA,13.2,RST,NORMAL,8.62445,-76.50613,2012-09-14,2012-09-24,RURAL,57440040,57440041,LA ATOYOSA,3F,5051,TURBO
12951185,NECOCLÍ,LA ATOYOSA,414-11,414-11,CLOSED,C4354,PRIMARIA,13.2,TSR,NORMAL,8.54776,-76.57649,2012-09-14,2018-07-07,RURAL,57334007,57433800,LA ATOYOSA,3F,5490,TURBO
12951212,ARBOLETES,LA ATOYOSA,414-11,414-11,CLOSED,C4353,PRIMARIA,13.2,RST,NORMAL,8.594339999999999,-76.52158,2012-09-14,2017-10-02,RURAL,47643422,57442492,LA ATOYOSA,3F,5051,TURBO
12955543,APARTADÓ,APARTADO,401-18,401-18,CLOSED,C4669,PRIMARIA,13.2,STR,NORMAL,7.88006,-76.63008,2012-09-20,2020-02-06,URBANO,47633945,57443522,APARTADO,3F,5045,APARTADO
13007943,MUTATÁ,CAUCHERAS,404-11,404-11,CLOSED,C4356,PRIMARIA,13.2,TSR,NORMAL,7.28419,-76.45452,2012-12-09,2018-07-07,RURAL,57461563,57461564,CAUCHERAS,3F,5480,APARTADO
13036327,CAREPA,CAREPA,412-11,412-11,CLOSED,C4358,PRIMARIA,13.2,TRS,NORMAL,7.75639,-76.65975999999999,2013-01-22,2017-06-07,URBANO,47646275,57471424,CAREPA,3F,5147,APARTADO
13052067,ARBOLETES,ARBOLETES,409-11,409-11,CLOSED,C4115,PRIMARIA,13.2,RST,NORMAL,8.85132,-76.42885,2013-02-12,2018-03-08,URBANO,57869469,57869470,ARBOLETES,3F,5051,TURBO
13065284,ARBOLETES,ARBOLETES,409-11,409-13,OPEN,C4360,PRIMARIA,13.2,RST,NORMAL,8.85109,-76.42655,2013-02-26,2013-02-26,URBANO,57482502,57410036,ARBOLETES,3F,5051,TURBO
13066820,ARBOLETES,ARBOLETES,409-11,409-11,CLOSED,C4361,PRIMARIA,13.2,RST,NORMAL,8.85073,-76.42874,2013-02-28,2016-08-02,URBANO,57483020,57483023,ARBOLETES,3F,5051,TURBO
13080598,SAN JUAN DE URABÁ,ARBOLETES,409-12,409-12,OPEN,C4362,PRIMARIA,13.2,RST,NORMAL,8.75917,-76.52516,2013-03-13,2018-07-07,URBANO,57487225,57487229,ARBOLETES,3F,5659,TURBO
13086558,TURBO,URABA,411-44,411-44,CLOSED,C4363,SUBTRANSMISION,44.0,RST,NORMAL,8.21215,-76.51729,2013-03-20,2013-03-20,RURAL,57488953,57488954,URABA,3F,5837,TURBO
13089708,MUTATÁ,CAUCHERAS,404-12,404-12,CLOSED,C4364,PRIMARIA,13.2,TSR,NORMAL,7.41736,-76.53379,2013-04-01,2018-07-07,RURAL,47640138,57703516,CAUCHERAS,3F,5480,APARTADO
13092674,APARTADÓ,APARTADO,401-15,401-15,OPEN,C41081,PRIMARIA,13.2,RTS,NORMAL,7.888310000000001,-76.63835999999999,2013-04-06,2018-07-07,URBANO,57492332,57492333,APARTADO,3F,5045,APARTADO
13092696,CAREPA,CAREPA,412-41,412-41,CLOSED,C41170,SUBTRANSMISION,44.0,TSR,NORMAL,7.78678,-76.65488,2013-04-06,2019-11-19,RURAL,57987180,57870522,CAREPA,3F,5147,APARTADO
13092724,CAREPA,ZUNGO,405-11,405-11,CLOSED,C4474,PRIMARIA,13.2,RST,NORMAL,7.823230000000001,-76.72192,2013-04-06,2013-04-06,RURAL,57492363,57492365,ZUNGO,3F,5147,APARTADO
13093834,APARTADÓ,APARTADO,401-11,401-11,CLOSED,C41181,PRIMARIA,13.2,RST,NORMAL,7.875139999999999,-76.61004,2013-04-09,2018-07-07,URBANO,57374255,57492912,APARTADO,3F,5045,APARTADO
13094206,CHIGORODÓ,CHIGORODO,403-14,403-11,OPEN,C41194,PRIMARIA,13.2,RST,NORMAL,7.67295,-76.67854,2013-04-09,2018-07-07,URBANO,51147219,57493128,CHIGORODO,3F,5172,APARTADO
13094718,TURBO,TURBO,402-15,402-15,OPEN,C4365,PRIMARIA,13.2,TSR,NORMAL,8.08887,-76.72459,2013-04-09,2017-09-08,URBANO,57493379,57493381,TURBO,3F,5837,TURBO
13094798,NECOCLÍ,NECOCLI,415-13,415-13,CLOSED,C44284,PRIMARIA,13.2,TSR,NORMAL,8.42708,-76.78260999999999,2013-04-10,2019-08-12,URBANO,57329598,57964857,NECOCLI,3F,5490,TURBO
13094837,NECOCLÍ,NECOCLI,415-11,415-11,CLOSED,C43375,PRIMARIA,13.2,RST,NORMAL,8.42698,-76.78256999999999,2013-04-10,2018-07-07,URBANO,57493409,57493417,NECOCLI,3F,5490,TURBO
13094905,NECOCLÍ,NECOCLI,415-12,415-12,CLOSED,C44173,PRIMARIA,13.2,RST,NORMAL,8.426960000000001,-76.78256,2013-04-10,2018-07-07,URBANO,57493437,57493454,NECOCLI,3F,5490,TURBO
13097079,CHIGORODÓ,CHIGORODO,403-16,403-15,OPEN,C4366,PRIMARIA,13.2,RST,NORMAL,7.6637699999999995,-76.67439,2013-04-17,2018-07-07,URBANO,47689084,57494697,CHIGORODO,3F,5172,APARTADO
13097283,SAN JUAN DE URABÁ,ARBOLETES,409-12,409-12,CLOSED,C4127,PRIMARIA,13.2,RST,NORMAL,8.74474,-76.51942,2013-04-18,2018-07-07,RURAL,57494813,57494814,ARBOLETES,3F,5659,TURBO
13099986,NECOCLÍ,URABA,411-43,411-43,CLOSED,C488,SUBTRANSMISION,44.0,RST,NORMAL,8.27094,-76.75652,2013-04-25,2018-07-07,RURAL,57737563,57737562,URABA,3F,5490,TURBO
13099989,TURBO,CIRILO,413-11,415-12,OPEN,C489,PRIMARIA,7.621,S,NORMAL,8.26132,-76.75774,2013-04-25,2018-07-07,RURAL,57495918,57495921,CIRILO,1F,5837,TURBO
13101067,NECOCLÍ,NECOCLI,415-11,415-11,CLOSED,C4152,PRIMARIA,13.2,RST,NORMAL,8.42458,-76.78583,2013-04-29,2020-05-11,URBANO,57296115,57496282,NECOCLI,3F,5490,TURBO
13101720,SAN PEDRO DE URABÁ,S.PEDRO URABA,407-12,407-12,OPEN,C4367,PRIMARIA,13.2,SRT,NORMAL,8.27393,-76.37626,2013-04-30,2018-07-07,URBANO,57496490,57496491,S.PEDRO URABA,3F,5665,TURBO
13109689,TURBO,URABA,411-11,411-11,OPEN,C4103,PRIMARIA,13.2,RST,NORMAL,7.99735,-76.62925,2013-05-21,2013-05-21,RURAL,57500002,57500003,URABA,3F,5837,TURBO
13111672,NECOCLÍ,NECOCLI,415-11,415-11,CLOSED,C406,PRIMARIA,13.2,TSR,NORMAL,8.4256,-76.78533,2013-05-24,2020-03-10,URBANO,57346647,57500929,NECOCLI,3F,5490,TURBO
13111900,CAREPA,CAREPA,412-11,412-11,OPEN,C4125,PRIMARIA,13.2,SRT,NORMAL,7.7549,-76.66033,2013-05-27,2013-05-27,URBANO,57501071,57501072,CAREPA,3F,5147,APARTADO
13119542,NECOCLÍ,NECOCLI,415-11,415-11,CLOSED,C4151,PRIMARIA,13.2,TSR,NORMAL,8.42585,-76.78705,2013-06-14,2018-07-07,URBANO,57504375,57768242,NECOCLI,3F,5490,TURBO
13128436,TURBO,NUEVA COLONIA,406-13,406-13,CLOSED,C4160,PRIMARIA,13.2,RST,NORMAL,7.930280000000001,-76.72270999999999,2013-07-03,2013-07-03,RURAL,57349554,57508088,NUEVA COLONIA,3F,5837,TURBO
13133067,APARTADÓ,APARTADO,401-18,401-18,CLOSED,C4670,PRIMARIA,13.2,RTS,NORMAL,7.88008,-76.63154,2013-07-08,2020-02-06,URBANO,57509330,47688566,APARTADO,3F,5045,APARTADO
13134544,TURBO,TURBO,402-15,402-16,OPEN,C4168,PRIMARIA,13.2,RST,NORMAL,8.1007,-76.73023,2013-07-09,2018-07-07,URBANO,47634651,57509908,TURBO,3F,5837,TURBO
13150437,NECOCLÍ,NECOCLI,415-13,415-13,OPEN,C4368,PRIMARIA,13.2,TSR,NORMAL,8.532869999999999,-76.67983000000001,2013-08-05,2018-07-07,RURAL,57516732,57516733,NECOCLI,3F,5490,TURBO
13150794,MUTATÁ,CAUCHERAS,404-11,404-11,CLOSED,C4388,PRIMARIA,13.2,TSR,NORMAL,7.246360000000001,-76.43868,2013-08-05,2018-07-07,RURAL,57516890,57516891,CAUCHERAS,3F,5480,APARTADO
13155683,APARTADÓ,APARTADO,401-13,401-15,OPEN,C4202,PRIMARIA,13.2,STR,NORMAL,7.890160000000001,-76.63895,2013-08-12,2018-07-07,URBANO,57515403,57517815,APARTADO,3F,5045,APARTADO
13169706,SAN PEDRO DE URABÁ,S.PEDRO URABA,407-11,407-11,CLOSED,C4116,PRIMARIA,13.2,TRS,NORMAL,8.28502,-76.38661,2013-09-06,2018-07-07,URBANO,57192955,57523951,S.PEDRO URABA,3F,5665,TURBO
13169711,SAN PEDRO DE URABÁ,S.PEDRO URABA,407-11,407-12,OPEN,C4203,PRIMARIA,13.2,TRS,NORMAL,8.28652,-76.38646,2013-09-06,2018-07-07,URBANO,57523956,57524002,S.PEDRO URABA,3F,5665,TURBO
13180036,NECOCLÍ,LA ATOYOSA,414-11,414-11,CLOSED,C4204,PRIMARIA,13.2,TSR,NORMAL,8.54931,-76.57998,2013-09-26,2020-02-11,RURAL,58005076,58005077,LA ATOYOSA,3F,5490,TURBO
13189015,SAN PEDRO DE URABÁ,S.PEDRO URABA,407-12,407-12,CLOSED,C4206,PRIMARIA,13.2,SRT,NORMAL,8.27904,-76.38134000000001,2013-10-22,2018-07-07,URBANO,57413302,57531078,S.PEDRO URABA,3F,5665,TURBO
13192055,CHIGORODÓ,CHIGORODO,403-16,403-16,CLOSED,C4207,PRIMARIA,13.2,RST,NORMAL,7.6135,-76.64754,2013-10-28,2018-07-07,RURAL,57392282,57532357,CHIGORODO,3F,5172,APARTADO
13206645,SAN PEDRO DE URABÁ,S.PEDRO URABA,407-12,407-12,CLOSED,C4153,PRIMARIA,13.2,TRS,NORMAL,8.283489999999999,-76.37997,2013-11-25,2018-07-07,RURAL,57413790,57536741,S.PEDRO URABA,3F,5665,TURBO
13335630,APARTADÓ,APARTADO,401-18,401-14,OPEN,C41579,PRIMARIA,13.2,TSR,NORMAL,7.88265,-76.63056,2014-07-21,2018-07-07,URBANO,57581926,57581927,APARTADO,3F,5045,APARTADO
13369545,SAN PEDRO DE URABÁ,S.PEDRO URABA,407-12,407-12,OPEN,C4212,PRIMARIA,7.621,R,NORMAL,8.43765,-76.26387,2014-09-19,2020-05-26,RURAL,57594611,57594615,S.PEDRO URABA,1F,5665,TURBO
13369592,TURBO,S.PEDRO URABA,407-12,407-13,OPEN,C4211,PRIMARIA,7.621,S,NORMAL,8.339830000000001,-76.40035999999999,2014-09-19,2018-07-07,RURAL,57594638,57594642,S.PEDRO URABA,1F,5837,TURBO
13371983,SAN PEDRO DE URABÁ,S.PEDRO URABA,407-11,407-12,OPEN,C4404,PRIMARIA,7.621,S,NORMAL,8.256219999999999,-76.37496,2014-09-23,2018-07-07,RURAL,57595657,57595710,S.PEDRO URABA,1F,5665,TURBO
13432839,SAN PEDRO DE URABÁ,S.PEDRO URABA,407-12,407-12,CLOSED,C4218,PRIMARIA,7.621,R,NORMAL,8.3883,-76.3188,2015-01-05,2020-03-03,RURAL,58010662,58010664,S.PEDRO URABA,1F,5665,TURBO
13432840,SAN PEDRO DE URABÁ,S.PEDRO URABA,407-12,407-12,CLOSED,C4219,PRIMARIA,7.621,R,NORMAL,8.38825,-76.31872,2015-01-05,2020-03-03,RURAL,58010665,58010666,S.PEDRO URABA,1F,5665,TURBO
13432871,ARBOLETES,S.PEDRO URABA,407-12,407-12,CLOSED,C4216,PRIMARIA,7.621,R,NORMAL,8.48818,-76.37866,2015-01-05,2020-03-03,RURAL,58010686,58010688,S.PEDRO URABA,1F,5051,TURBO
13432880,ARBOLETES,S.PEDRO URABA,407-12,407-12,CLOSED,C4217,PRIMARIA,7.621,R,NORMAL,8.48821,-76.37874000000001,2015-01-05,2020-03-03,RURAL,58010690,58010692,S.PEDRO URABA,1F,5051,TURBO
13432893,SAN PEDRO DE URABÁ,S.PEDRO URABA,407-12,407-12,CLOSED,C4214,PRIMARIA,13.2,TSR,NORMAL,8.28546,-76.37510999999999,2015-01-05,2020-01-29,RURAL,57615455,58001752,S.PEDRO URABA,3F,5665,TURBO
13432914,SAN PEDRO DE URABÁ,S.PEDRO URABA,407-12,407-12,CLOSED,C4215,PRIMARIA,13.2,TSR,NORMAL,8.28555,-76.37505999999999,2015-01-05,2020-01-29,RURAL,58001753,58001754,S.PEDRO URABA,3F,5665,TURBO
13434622,NECOCLÍ,NECOCLI,415-12,415-12,CLOSED,C4213,PRIMARIA,13.2,STR,NORMAL,8.43149,-76.68409,2015-01-08,2018-07-07,RURAL,57616005,57616007,NECOCLI,3F,5490,TURBO
13485103,ARBOLETES,LA ATOYOSA,414-12,414-12,CLOSED,C4222,PRIMARIA,13.2,RST,NORMAL,8.68575,-76.42274,2015-03-19,2018-09-24,RURAL,57543850,57901327,LA ATOYOSA,3F,5051,TURBO
13485117,ARBOLETES,LA ATOYOSA,414-12,414-12,CLOSED,C4223,PRIMARIA,13.2,RST,NORMAL,8.68575,-76.42256,2015-03-19,2018-09-24,RURAL,57901326,57604431,LA ATOYOSA,3F,5051,TURBO
13488667,SAN PEDRO DE URABÁ,S.PEDRO URABA,407-12,407-12,CLOSED,C4220,PRIMARIA,13.2,RS,NORMAL,8.39465,-76.31953,2015-03-26,2019-03-07,RURAL,47643187,57933550,S.PEDRO URABA,2F,5665,TURBO
13488699,SAN PEDRO DE URABÁ,S.PEDRO URABA,407-12,407-12,CLOSED,C4221,PRIMARIA,13.2,RS,NORMAL,8.39475,-76.3195,2015-03-26,2019-03-07,RURAL,57933551,57933558,S.PEDRO URABA,2F,5665,TURBO
13491389,ARBOLETES,S.PEDRO URABA,407-12,414-12,OPEN,C4224,PRIMARIA,13.2,RS,NORMAL,8.54461,-76.37621999999999,2015-04-06,2018-07-19,RURAL,57635946,57844841,S.PEDRO URABA,2F,5051,TURBO
13502293,CHIGORODÓ,CHIGORODO,403-16,403-16,CLOSED,C4229,PRIMARIA,13.2,RST,NORMAL,7.58402,-76.63228000000001,2015-04-21,2018-07-07,RURAL,57638767,57638768,CHIGORODO,3F,5172,APARTADO
13502861,APARTADÓ,APARTADO,401-11,401-11,CLOSED,C4232,PRIMARIA,13.2,STR,NORMAL,7.8962699999999995,-76.62873,2015-04-22,2018-07-07,RURAL,57638971,57638972,APARTADO,3F,5045,APARTADO
13507567,SAN JUAN DE URABÁ,ARBOLETES,409-12,409-12,CLOSED,C4230,PRIMARIA,13.2,RST,NORMAL,8.804960000000001,-76.50017,2015-04-28,2020-01-09,RURAL,57640190,57640250,ARBOLETES,3F,5659,TURBO
13509111,TURBO,CHIGORODO,403-16,403-16,CLOSED,C4227,PRIMARIA,13.2,RST,NORMAL,7.53075,-76.71576999999999,2015-04-30,2019-10-18,RURAL,57641045,57641046,CHIGORODO,3F,5837,APARTADO
13512990,TURBO,CHIGORODO,403-16,403-16,OPEN,C4233,PRIMARIA,13.2,RST,NORMAL,7.57154,-76.7169,2015-05-08,2019-10-18,RURAL,57676819,57642370,CHIGORODO,3F,5837,APARTADO
13516897,ARBOLETES,LA ATOYOSA,414-11,414-11,CLOSED,C4236,PRIMARIA,13.2,RST,NORMAL,8.60629,-76.51024,2015-05-15,2020-03-04,RURAL,57442813,58010784,LA ATOYOSA,3F,5051,TURBO
13516948,ARBOLETES,LA ATOYOSA,414-11,414-11,CLOSED,C4237,PRIMARIA,13.2,RST,NORMAL,8.60623,-76.51031,2015-05-15,2020-03-04,RURAL,58010786,58010787,LA ATOYOSA,3F,5051,TURBO
13516963,ARBOLETES,LA ATOYOSA,414-11,414-11,OPEN,C4235,PRIMARIA,13.2,RST,NORMAL,8.60623,-76.51026,2015-05-15,2020-03-04,RURAL,57442813,58010787,LA ATOYOSA,3F,5051,TURBO
13534595,TURBO,URABA,411-42,411-42,CLOSED,C4244,SUBTRANSMISION,44.0,TSR,NORMAL,8.06681,-76.65793000000001,2015-06-24,2017-05-04,RURAL,57651183,57651186,URABA,3F,5837,TURBO
13553176,SAN JUAN DE URABÁ,ARBOLETES,409-12,409-12,CLOSED,C4245,PRIMARIA,13.2,RST,NORMAL,8.75557,-76.53299,2015-07-24,2018-07-07,URBANO,47641148,57656672,ARBOLETES,3F,5659,TURBO
13553276,SAN JUAN DE URABÁ,ARBOLETES,409-12,409-12,CLOSED,C4246,PRIMARIA,13.2,ST,NORMAL,8.717989999999999,-76.59865,2015-07-24,2018-07-07,RURAL,47640904,57495838,ARBOLETES,2F,5659,TURBO
13553311,SAN JUAN DE URABÁ,ARBOLETES,409-12,409-12,CLOSED,C4247,PRIMARIA,13.2,RST,NORMAL,8.73724,-76.5665,2015-07-24,2018-07-07,RURAL,57395178,57492279,ARBOLETES,3F,5659,TURBO
13562570,TURBO,PUEBLO BELLO,410-11,410-11,CLOSED,C41092,PRIMARIA,13.2,RST,NORMAL,8.208260000000001,-76.52202,2015-08-04,2015-08-05,RURAL,57523854,57659099,PUEBLO BELLO,3F,5837,TURBO
13565888,SAN JUAN DE URABÁ,ARBOLETES,409-12,409-12,CLOSED,C4370,PRIMARIA,13.2,RST,NORMAL,8.75197,-76.53443,2015-08-12,2018-07-07,RURAL,57660442,57800485,ARBOLETES,3F,5659,TURBO
13565901,SAN JUAN DE URABÁ,ARBOLETES,409-12,409-12,CLOSED,C44373,PRIMARIA,13.2,RST,NORMAL,8.752130000000001,-76.53438,2015-08-12,2018-07-07,RURAL,47641139,57660336,ARBOLETES,3F,5659,TURBO
13589342,APARTADÓ,NUEVA COLONIA,406-11,401-11,OPEN,C41249,PRIMARIA,13.2,STR,NORMAL,7.92652,-76.6211,2015-09-08,2018-07-07,RURAL,57667646,57667648,NUEVA COLONIA,3F,5045,APARTADO
13599772,CHIGORODÓ,CHIGORODO,403-12,403-12,OPEN,C4239,PRIMARIA,7.621,T,NORMAL,7.70661,-76.74186,2015-09-25,2018-07-07,RURAL,57673075,57166427,CHIGORODO,1F,5172,APARTADO
13606522,ARBOLETES,ARBOLETES,409-11,409-11,CLOSED,C4371,PRIMARIA,13.2,RST,NORMAL,8.85107,-76.42685,2015-10-06,2017-08-22,URBANO,57675741,57675744,ARBOLETES,3F,5051,TURBO
13606529,ARBOLETES,ARBOLETES,409-13,409-13,CLOSED,C4372,PRIMARIA,13.2,TSR,NORMAL,8.85254,-76.42775,2015-10-06,2017-08-23,URBANO,57675747,57675749,ARBOLETES,3F,5051,TURBO
13708613,APARTADÓ,APARTADO,401-16,401-16,CLOSED,C405,PRIMARIA,13.2,RST,NORMAL,7.8772199999999994,-76.63398000000001,2016-02-18,2018-07-07,URBANO,47637027,57707112,APARTADO,3F,5045,APARTADO
13719960,CHIGORODÓ,CHIGORODO,403-14,403-14,CLOSED,C4485,PRIMARIA,13.2,RST,NORMAL,7.7079,-76.67109,2016-03-09,2018-07-07,RURAL,57711524,57711527,CHIGORODO,3F,5172,APARTADO
13730543,TURBO,URABA,411-13,411-13,CLOSED,C453,PRIMARIA,13.2,RST,NORMAL,8.07273,-76.64658,2016-03-29,2019-10-26,RURAL,57981856,57981858,URABA,3F,5837,TURBO
13730570,TURBO,URABA,411-13,411-13,CLOSED,C454,PRIMARIA,13.2,RST,NORMAL,8.07267,-76.6465,2016-03-29,2019-10-26,RURAL,57981857,57981859,URABA,3F,5837,TURBO
13770354,TURBO,URABA,411-13,410-11,OPEN,C4386,PRIMARIA,7.621,T,NORMAL,8.17378,-76.5305,2016-05-17,2017-07-07,RURAL,57782461,57788318,URABA,1F,5837,TURBO
13800239,TURBO,NUEVA COLONIA,406-11,406-11,CLOSED,C470,PRIMARIA,13.2,TSR,NORMAL,7.93268,-76.62207,2016-06-28,2016-06-28,RURAL,57741458,57741455,NUEVA COLONIA,3F,5837,TURBO
13802551,APARTADÓ,APARTADO,401-16,401-16,CLOSED,C4488,PRIMARIA,13.2,RST,NORMAL,7.876110000000001,-76.63,2016-07-01,2020-03-09,URBANO,57742336,57742337,APARTADO,3F,5045,APARTADO
13847842,CAREPA,ZUNGO,405-13,405-13,CLOSED,C480,PRIMARIA,13.2,RST,NORMAL,7.82563,-76.73025,2016-09-02,2019-07-05,RURAL,53141309,57758733,ZUNGO,3F,5147,APARTADO
13933053,TURBO,URABA,411-11,411-11,CLOSED,C481,PRIMARIA,13.2,RST,NORMAL,7.99441,-76.63731999999999,2016-12-28,2016-12-28,RURAL,57209304,57786447,URABA,3F,5837,TURBO
13959150,ARBOLETES,LA ATOYOSA,414-11,414-11,OPEN,C482,PRIMARIA,13.2,RST,NORMAL,8.65612,-76.44903000000001,2017-01-24,2017-01-24,RURAL,57440128,57440129,LA ATOYOSA,3F,5051,TURBO
13965451,NECOCLÍ,NECOCLI,415-12,415-12,OPEN,C491,PRIMARIA,13.2,TSR,NORMAL,8.40898,-76.75413,2017-02-01,2018-07-07,RURAL,57792456,57792458,NECOCLI,3F,5490,TURBO
13966949,SAN JUAN DE URABÁ,ARBOLETES,409-12,409-12,OPEN,C492,PRIMARIA,13.2,RST,NORMAL,8.75681,-76.52874,2017-02-03,2018-07-07,RURAL,57487252,57793143,ARBOLETES,3F,5659,TURBO
13967845,APARTADÓ,APARTADO,401-11,401-11,CLOSED,C490,PRIMARIA,13.2,STR,NORMAL,7.88974,-76.63083,2017-02-03,2018-07-07,URBANO,47632494,57793408,APARTADO,3F,5045,APARTADO
13969198,ARBOLETES,ARBOLETES,409-11,409-12,OPEN,C419,PRIMARIA,13.2,RST,NORMAL,8.843069999999999,-76.41784,2017-02-06,2017-02-06,RURAL,57793819,57793820,ARBOLETES,3F,5051,TURBO
14010292,APARTADÓ,APARTADO,401-11,401-11,OPEN,C483,PRIMARIA,13.2,STR,NORMAL,7.889060000000001,-76.62771,2017-04-03,2018-07-07,URBANO,57808042,57808043,APARTADO,3F,5045,APARTADO
14019071,APARTADÓ,APARTADO,401-45,401-45,CLOSED,C493,SUBTRANSMISION,44.0,RST,NORMAL,7.89125,-76.6301,2017-04-21,2018-07-07,URBANO,57810682,57810686,APARTADO,3F,5045,APARTADO
14063384,CHIGORODÓ,CHIGORODO,403-13,403-13,OPEN,C4238,PRIMARIA,13.2,RST,NORMAL,7.6648,-76.67577,2017-07-06,2018-07-07,URBANO,57389288,57825465,CHIGORODO,3F,5172,APARTADO
14065547,CAREPA,CAREPA,412-11,412-11,OPEN,C4240,PRIMARIA,13.2,SRT,NORMAL,7.74782,-76.70451,2017-07-10,2017-07-10,RURAL,47643120,57826187,CAREPA,3F,5147,APARTADO
14092755,TURBO,URABA,411-44,411-44,OPEN,C411,SUBTRANSMISION,44.0,RST,NORMAL,8.208210000000001,-76.52172,2017-08-14,2017-08-14,RURAL,57832545,57832567,URABA,3F,5837,TURBO
14093482,CAREPA,CAREPA,412-11,412-11,CLOSED,C422,PRIMARIA,13.2,TRS,NORMAL,7.757039999999999,-76.65955,2017-08-14,2020-02-26,URBANO,47646278,57832809,CAREPA,3F,5147,APARTADO
14108194,ARBOLETES,S.PEDRO URABA,407-41,407-41,CLOSED,C494,SUBTRANSMISION,44.0,RST,NORMAL,8.78604,-76.42098,2017-09-18,2017-09-18,RURAL,57837781,57837791,S.PEDRO URABA,3F,5051,TURBO
14113318,CHIGORODÓ,CHIGORODO,403-11,403-11,OPEN,C423,PRIMARIA,13.2,TSR,NORMAL,7.67075,-76.68369,2017-09-27,2018-07-07,URBANO,57839426,57839432,CHIGORODO,3F,5172,APARTADO
14113966,TURBO,TURBO,402-14,402-14,OPEN,C425,PRIMARIA,13.2,TSR,NORMAL,8.09596,-76.72864,2017-09-29,2018-07-07,URBANO,57839638,57839640,TURBO,3F,5837,TURBO
14114901,CHIGORODÓ,CHIGORODO,403-12,403-12,CLOSED,C429,PRIMARIA,13.2,STR,NORMAL,7.67053,-76.6947,2017-10-02,2018-07-07,RURAL,57391554,57839846,CHIGORODO,3F,5172,APARTADO
14126282,TURBO,TURBO,402-13,402-13,CLOSED,C460,PRIMARIA,13.2,TSR,NORMAL,8.11735,-76.70723000000001,2017-10-26,2017-10-26,RURAL,57843149,47634409,TURBO,3F,5837,TURBO
14126641,CAREPA,APARTADO,401-41,401-41,OPEN,C4124,SUBTRANSMISION,44.0,TSR,NORMAL,7.78107,-76.65554,2017-10-27,2019-11-20,RURAL,57843283,57843285,APARTADO,3F,5147,APARTADO
14129234,CAREPA,APARTADO,401-41,401-41,CLOSED,C4129,SUBTRANSMISION,44.0,RST,NORMAL,7.7767100000000005,-76.65609,2017-11-03,2017-11-03,RURAL,57843363,57843828,APARTADO,3F,5147,APARTADO
14139346,CAREPA,APARTADO,401-42,401-42,OPEN,C4130,SUBTRANSMISION,44.0,TSR,NORMAL,7.791930000000001,-76.6529,2017-11-09,2017-11-09,RURAL,57844369,57844370,APARTADO,3F,5147,APARTADO
14139539,CAREPA,APARTADO,401-42,401-42,CLOSED,C4128,SUBTRANSMISION,44.0,TSR,NORMAL,7.77727,-76.65599,2017-11-09,2020-02-11,RURAL,57437057,57987701,APARTADO,3F,5147,APARTADO
14148326,CAREPA,CAREPA,412-13,412-13,CLOSED,C4132,PRIMARIA,13.2,SRT,NORMAL,7.78517,-76.65465,2017-11-28,2019-11-19,RURAL,57987298,57987299,CAREPA,3F,5147,APARTADO
14148994,APARTADÓ,APARTADO,401-15,401-15,CLOSED,C4131,PRIMARIA,13.2,RTS,NORMAL,7.886830000000001,-76.63638,2017-11-28,2018-07-07,URBANO,57847334,57847335,APARTADO,3F,5045,APARTADO
14167275,CAREPA,CAREPA,412-11,412-11,CLOSED,C4133,PRIMARIA,13.2,TRS,NORMAL,7.77577,-76.65567,2018-01-11,2018-01-11,RURAL,57854193,57854196,CAREPA,3F,5147,APARTADO
14170625,TURBO,CHIGORODO,403-16,403-16,OPEN,C4134,PRIMARIA,13.2,SR,NORMAL,7.57154,-76.71706,2018-01-17,2019-10-18,RURAL,57396032,57642368,CHIGORODO,2F,5837,APARTADO
14173035,TURBO,TURBO,402-14,402-14,CLOSED,C4333,PRIMARIA,13.2,RST,NORMAL,8.098289999999999,-76.7186,2018-01-22,2018-06-07,URBANO,57412081,57856701,TURBO,3F,5837,TURBO
14205875,CAREPA,APARTADO,401-42,412-41,OPEN,C41171,SUBTRANSMISION,44.0,TSR,NORMAL,7.78644,-76.65399000000001,2018-03-16,2019-11-20,RURAL,57467438,57492339,APARTADO,3F,5147,APARTADO
14282469,TURBO,NUEVA COLONIA,406-12,406-12,CLOSED,C51543,PRIMARIA,13.2,RST,NORMAL,7.9333,-76.71591,2018-09-06,2018-11-14,RURAL,57378993,57911373,NUEVA COLONIA,3F,5837,TURBO
14282471,TURBO,NUEVA COLONIA,406-12,406-12,CLOSED,C51544,PRIMARIA,13.2,RST,NORMAL,7.9333800000000005,-76.71597,2018-09-06,2018-11-14,RURAL,57378993,57911379,NUEVA COLONIA,3F,5837,TURBO
14282473,TURBO,NUEVA COLONIA,406-12,406-12,OPEN,C51545,PRIMARIA,13.2,RST,NORMAL,7.9333,-76.71595,2018-09-06,2018-11-14,RURAL,57378993,57911372,NUEVA COLONIA,3F,5837,TURBO
14288644,ARBOLETES,LA ATOYOSA,414-13,414-13,CLOSED,C51706,PRIMARIA,13.2,RST,NORMAL,8.6948,-76.42443,2018-09-24,2018-09-25,RURAL,57901255,57901546,LA ATOYOSA,3F,5051,TURBO
14288646,ARBOLETES,LA ATOYOSA,414-13,414-13,CLOSED,C51707,PRIMARIA,13.2,RST,NORMAL,8.69479,-76.42471,2018-09-24,2019-05-21,RURAL,57901548,57901256,LA ATOYOSA,3F,5051,TURBO
14288774,ARBOLETES,LA ATOYOSA,414-13,414-13,CLOSED,C51708,PRIMARIA,13.2,RST,NORMAL,8.6859,-76.42277,2018-09-24,2018-10-02,RURAL,57901313,57901322,LA ATOYOSA,3F,5051,TURBO
14288783,ARBOLETES,LA ATOYOSA,414-13,414-13,CLOSED,C51709,PRIMARIA,13.2,RST,NORMAL,8.6859,-76.42259,2018-09-24,2018-10-02,RURAL,57901314,57902882,LA ATOYOSA,3F,5051,TURBO
14288797,ARBOLETES,S.PEDRO URABA,407-41,407-41,CLOSED,C51710,SUBTRANSMISION,44.0,TSR,NORMAL,8.68675,-76.42258000000001,2018-09-24,2018-09-25,RURAL,57837113,57901332,S.PEDRO URABA,3F,5051,TURBO
14292879,ARBOLETES,LA ATOYOSA,414-12,414-12,OPEN,C51783,PRIMARIA,13.2,RST,NORMAL,8.67419,-76.40109,2018-10-02,2019-05-21,RURAL,57947936,57948274,LA ATOYOSA,3F,5051,TURBO
14292883,SAN PEDRO DE URABÁ,S.PEDRO URABA,407-12,407-12,OPEN,C51784,PRIMARIA,13.2,TSR,NORMAL,8.31269,-76.36139,2018-10-02,2020-02-03,RURAL,58002803,58002804,S.PEDRO URABA,3F,5665,TURBO
14292886,SAN PEDRO DE URABÁ,S.PEDRO URABA,407-12,407-12,OPEN,C51785,PRIMARIA,13.2,TSR,NORMAL,8.31352,-76.36126999999999,2018-10-02,2020-02-03,RURAL,58002816,58002817,S.PEDRO URABA,3F,5665,TURBO
14293166,TURBO,NUEVA COLONIA,406-11,406-11,OPEN,C51803,PRIMARIA,7.621,R,NORMAL,7.933339999999999,-76.64173000000001,2018-10-03,2018-12-06,RURAL,47639403,57915551,NUEVA COLONIA,1F,5837,TURBO
14293178,TURBO,NUEVA COLONIA,406-11,406-11,OPEN,C51804,PRIMARIA,7.621,T,NORMAL,7.93346,-76.64255,2018-10-03,2018-12-06,RURAL,47639401,57915549,NUEVA COLONIA,1F,5837,TURBO
14293182,TURBO,NUEVA COLONIA,406-11,406-11,OPEN,C51805,PRIMARIA,7.621,S,NORMAL,7.93357,-76.6433,2018-10-03,2018-12-06,RURAL,47639400,57915543,NUEVA COLONIA,1F,5837,TURBO
14295499,TURBO,URABA,411-11,411-11,CLOSED,C51843,PRIMARIA,13.2,RST,NORMAL,7.93582,-76.62185,2018-10-08,2020-03-04,RURAL,58011007,58011008,URABA,3F,5837,TURBO
14295502,TURBO,URABA,406-11,406-11,CLOSED,C51844,PRIMARIA,13.2,RST,NORMAL,7.93572,-76.62184,2018-10-08,2020-03-13,RURAL,58011010,58011012,URABA,3F,5837,TURBO
14296547,ARBOLETES,LA ATOYOSA,414-12,414-12,CLOSED,C51865,PRIMARIA,13.2,TR,NORMAL,8.62433,-76.37366,2018-10-09,2018-12-06,RURAL,57915496,57915497,LA ATOYOSA,2F,5051,TURBO
14296549,ARBOLETES,LA ATOYOSA,414-12,414-12,CLOSED,C51866,PRIMARIA,13.2,TR,NORMAL,8.62425,-76.3737,2018-10-09,2018-12-06,RURAL,57915500,57915501,LA ATOYOSA,2F,5051,TURBO
14296912,TURBO,NUEVA COLONIA,406-11,406-11,CLOSED,C51883,PRIMARIA,13.2,TSR,NORMAL,7.93818,-76.6745,2018-10-10,2018-12-06,RURAL,57386422,57915484,NUEVA COLONIA,3F,5837,TURBO
14296913,TURBO,NUEVA COLONIA,406-11,406-11,CLOSED,C51884,PRIMARIA,13.2,TSR,NORMAL,7.9382,-76.67439,2018-10-10,2018-12-06,RURAL,57915485,57915486,NUEVA COLONIA,3F,5837,TURBO
14296915,TURBO,NUEVA COLONIA,406-11,406-11,OPEN,C51885,PRIMARIA,13.2,TSR,NORMAL,7.938219999999999,-76.67444,2018-10-10,2018-12-06,RURAL,57386422,57915486,NUEVA COLONIA,3F,5837,TURBO
14296927,SAN PEDRO DE URABÁ,S.PEDRO URABA,407-12,407-12,CLOSED,C51886,PRIMARIA,13.2,RS,NORMAL,8.39533,-76.31931999999999,2018-10-10,2019-04-08,RURAL,47643188,57940969,S.PEDRO URABA,2F,5665,TURBO
14296928,SAN PEDRO DE URABÁ,S.PEDRO URABA,407-12,407-12,CLOSED,C51887,PRIMARIA,13.2,RS,NORMAL,8.39563,-76.31916,2018-10-10,2019-04-08,RURAL,57904620,57940953,S.PEDRO URABA,2F,5665,TURBO
14335580,CAREPA,CAREPA,412-13,412-13,CLOSED,C52408,PRIMARIA,13.2,SRT,NORMAL,7.7775300000000005,-76.65632,2018-12-18,2019-11-19,RURAL,57987262,57987268,CAREPA,3F,5147,APARTADO
14357988,NECOCLÍ,LA ATOYOSA,414-11,414-11,OPEN,C52663,PRIMARIA,13.2,TSR,NORMAL,8.54884,-76.57529,2019-01-30,2019-02-13,RURAL,57928963,53152971,LA ATOYOSA,3F,5490,TURBO
14360088,TURBO,S.PEDRO URABA,407-13,407-13,CLOSED,C52727,PRIMARIA,13.2,SRT,NORMAL,8.343119999999999,-76.45465,2019-02-04,2019-02-04,RURAL,57496599,57926792,S.PEDRO URABA,3F,5837,TURBO
14360089,TURBO,S.PEDRO URABA,407-13,407-13,CLOSED,C52728,PRIMARIA,13.2,SRT,NORMAL,8.34314,-76.45473,2019-02-04,2019-02-04,RURAL,57496600,57926793,S.PEDRO URABA,3F,5837,TURBO
14365620,CHIGORODÓ,CHIGORODO,403-15,403-15,CLOSED,C52804,PRIMARIA,13.2,RST,NORMAL,7.665960000000001,-76.67454000000001,2019-02-13,2020-05-07,URBANO,57383729,57929448,CHIGORODO,3F,5172,APARTADO
14367052,TURBO,URABA,411-11,411-11,OPEN,C52823,PRIMARIA,13.2,RST,NORMAL,7.9661800000000005,-76.62937,2019-02-15,2019-07-19,RURAL,47642317,57929273,URABA,3F,5837,TURBO
14367056,TURBO,URABA,411-11,411-11,OPEN,C52824,PRIMARIA,13.2,RST,NORMAL,7.966060000000001,-76.62933000000001,2019-02-15,2019-07-19,RURAL,57929273,47642317,URABA,3F,5837,TURBO
14367060,TURBO,URABA,411-11,411-11,OPEN,C52825,PRIMARIA,13.2,RST,NORMAL,7.96442,-76.62892,2019-02-15,2019-07-19,RURAL,57929276,47642320,URABA,3F,5837,TURBO
14369314,TURBO,URABA,411-44,411-44,CLOSED,C410,SUBTRANSMISION,44.0,RST,NORMAL,8.23353,-76.44983,2019-02-20,2019-02-20,RURAL,47146355,57930073,URABA,3F,5837,TURBO
14396244,TURBO,PUEBLO BELLO,410-11,410-11,CLOSED,C53369,PRIMARIA,13.2,RST,NORMAL,8.20825,-76.52201,2019-04-04,2019-04-04,RURAL,57940275,57523854,PUEBLO BELLO,3F,5837,TURBO
14396267,TURBO,PUEBLO BELLO,410-11,410-11,CLOSED,C53371,PRIMARIA,13.2,RS,NORMAL,8.20834,-76.52193,2019-04-04,2019-04-04,RURAL,57659100,57940285,PUEBLO BELLO,2F,5837,TURBO
14396615,TURBO,PUEBLO BELLO,410-11,410-11,CLOSED,C53389,PRIMARIA,13.2,RS,NORMAL,8.21411,-76.5115,2019-04-04,2019-11-21,RURAL,57987936,57987937,PUEBLO BELLO,2F,5837,TURBO
14396618,TURBO,PUEBLO BELLO,410-11,410-11,CLOSED,C53390,PRIMARIA,7.621,S,NORMAL,8.2142,-76.51151999999999,2019-04-04,2019-11-21,RURAL,57987938,57987940,PUEBLO BELLO,1F,5837,TURBO
14396891,TURBO,PUEBLO BELLO,410-11,410-11,CLOSED,C53432,PRIMARIA,7.621,R,NORMAL,8.2141,-76.5115,2019-04-04,2019-11-21,RURAL,57987936,57987945,PUEBLO BELLO,1F,5837,TURBO
14396923,TURBO,PUEBLO BELLO,410-11,410-11,CLOSED,C53434,PRIMARIA,7.621,R,NORMAL,8.21412,-76.51141,2019-04-04,2019-11-21,RURAL,57987947,57987948,PUEBLO BELLO,1F,5837,TURBO
14410932,TURBO,URABA,411-12,411-12,CLOSED,C53692,PRIMARIA,13.2,TSR,NORMAL,7.9969600000000005,-76.63817,2019-05-08,2019-05-08,RURAL,57413978,57945664,URABA,3F,5837,TURBO
14410938,TURBO,URABA,411-12,411-12,CLOSED,C53693,PRIMARIA,13.2,TSR,NORMAL,7.9968699999999995,-76.63814,2019-05-08,2019-05-08,RURAL,57945666,57945668,URABA,3F,5837,TURBO
14410942,TURBO,URABA,411-12,411-12,OPEN,C53694,PRIMARIA,13.2,TSR,NORMAL,7.99693,-76.63812,2019-05-08,2019-05-08,RURAL,57413978,57945668,URABA,3F,5837,TURBO
14411502,SAN JUAN DE URABÁ,ARBOLETES,409-12,409-12,OPEN,C53711,PRIMARIA,13.2,RST,NORMAL,8.74475,-76.5385,2019-05-08,2019-05-08,RURAL,57492288,57492290,ARBOLETES,3F,5659,TURBO
14411509,SAN JUAN DE URABÁ,ARBOLETES,409-12,409-12,OPEN,C53712,PRIMARIA,13.2,RST,NORMAL,8.74313,-76.53927,2019-05-08,2019-05-08,RURAL,47641118,57945899,ARBOLETES,3F,5659,TURBO
14414478,APARTADÓ,APARTADO,401-12,401-12,CLOSED,C53789,PRIMARIA,13.2,RST,NORMAL,7.88395,-76.62219,2019-05-13,2020-03-06,URBANO,57946829,57946845,APARTADO,3F,5045,APARTADO
14414480,APARTADÓ,APARTADO,401-12,401-12,CLOSED,C53790,PRIMARIA,13.2,RST,NORMAL,7.88392,-76.6221,2019-05-13,2020-03-06,URBANO,57946825,57946848,APARTADO,3F,5045,APARTADO
14414549,APARTADÓ,APARTADO,401-12,401-12,OPEN,C53791,PRIMARIA,13.2,RST,NORMAL,7.88399,-76.62219,2019-05-14,2020-03-06,URBANO,57946825,57946845,APARTADO,3F,5045,APARTADO
14416434,ARBOLETES,LA ATOYOSA,414-11,414-11,CLOSED,C53838,PRIMARIA,13.2,RST,NORMAL,8.6721,-76.42505,2019-05-16,2020-01-16,RURAL,47643644,57947675,LA ATOYOSA,3F,5051,TURBO
14416587,ARBOLETES,LA ATOYOSA,414-11,414-11,CLOSED,C53851,PRIMARIA,13.2,RST,NORMAL,8.65555,-76.44971,2019-05-17,2020-01-17,RURAL,47643541,57947661,LA ATOYOSA,3F,5051,TURBO
14431721,MUTATÁ,CAUCHERAS,404-12,404-12,OPEN,C54275,PRIMARIA,13.2,STR,NORMAL,7.34912,-76.54630999999999,2019-06-14,2019-08-06,RURAL,57953162,57953158,CAUCHERAS,3F,5480,APARTADO
14432288,CAREPA,ZUNGO,405-13,405-13,CLOSED,C54314,PRIMARIA,13.2,RST,NORMAL,7.782960000000001,-76.75203,2019-06-17,2019-07-10,RURAL,57953314,57953336,ZUNGO,3F,5147,APARTADO
14432315,CAREPA,ZUNGO,405-13,405-13,CLOSED,C54315,PRIMARIA,13.2,RST,NORMAL,7.78287,-76.75199,2019-06-17,2019-07-10,RURAL,57953341,57957889,ZUNGO,3F,5147,APARTADO
14432319,CAREPA,ZUNGO,405-13,405-13,OPEN,C54316,PRIMARIA,13.2,RST,NORMAL,7.78293,-76.75198,2019-06-17,2019-07-10,RURAL,57953314,57957889,ZUNGO,3F,5147,APARTADO
14434470,TURBO,TURBO,402-12,402-12,CLOSED,C54374,PRIMARIA,7.621,S,NORMAL,8.10973,-76.73383000000001,2019-06-20,2019-07-10,RURAL,57400841,57953980,TURBO,1F,5837,TURBO
14434471,TURBO,TURBO,402-12,402-12,CLOSED,C54375,PRIMARIA,7.621,S,NORMAL,8.10983,-76.73384,2019-06-20,2019-07-10,RURAL,57953978,57957890,TURBO,1F,5837,TURBO
14434743,CAREPA,ZUNGO,405-11,405-11,CLOSED,C54392,PRIMARIA,13.2,RST,NORMAL,7.823189999999999,-76.72228,2019-06-20,2019-07-11,RURAL,57954064,57954059,ZUNGO,3F,5147,APARTADO
14434747,CAREPA,ZUNGO,405-11,405-11,CLOSED,C54393,PRIMARIA,13.2,RST,NORMAL,7.8232,-76.72218000000001,2019-06-20,2019-07-13,RURAL,57954066,57958780,ZUNGO,3F,5147,APARTADO
14434754,CAREPA,ZUNGO,405-11,405-11,OPEN,C54395,PRIMARIA,13.2,RST,NORMAL,7.82322,-76.72223000000001,2019-06-20,2019-07-13,RURAL,57954064,57958780,ZUNGO,3F,5147,APARTADO
14434945,TURBO,TURBO,402-13,402-13,CLOSED,C54413,PRIMARIA,13.2,RST,NORMAL,8.1304,-76.70306,2019-06-20,2019-07-11,RURAL,47634443,57954134,TURBO,3F,5837,TURBO
14434951,TURBO,TURBO,402-13,402-13,CLOSED,C54414,PRIMARIA,13.2,RST,NORMAL,8.130469999999999,-76.70313,2019-06-20,2019-07-11,RURAL,57954136,57957891,TURBO,3F,5837,TURBO
14434952,TURBO,TURBO,402-13,402-13,OPEN,C54415,PRIMARIA,13.2,RST,NORMAL,8.130469999999999,-76.70305,2019-06-20,2019-07-11,RURAL,47634443,57957891,TURBO,3F,5837,TURBO
14437320,APARTADÓ,APARTADO,401-11,401-11,CLOSED,C54453,PRIMARIA,7.621,T,NORMAL,7.8672699999999995,-76.60513,2019-06-26,2019-07-11,RURAL,57140501,57955006,APARTADO,1F,5045,APARTADO
14437340,APARTADÓ,APARTADO,401-11,401-11,CLOSED,C54456,PRIMARIA,7.621,T,NORMAL,7.86722,-76.60505,2019-06-26,2019-07-11,RURAL,57955008,57955018,APARTADO,1F,5045,APARTADO
14448414,NECOCLÍ,NECOCLI,415-12,415-12,OPEN,C54731,PRIMARIA,13.2,STR,NORMAL,8.436539999999999,-76.72254000000001,2019-07-15,2019-07-15,RURAL,57958818,57958820,NECOCLI,3F,5490,TURBO
14453882,SAN PEDRO DE URABÁ,LA ATOYOSA,414-12,414-12,CLOSED,C54854,PRIMARIA,7.621,R,NORMAL,8.52547,-76.29387,2019-07-23,2019-09-02,RURAL,57424088,57960569,LA ATOYOSA,1F,5665,TURBO
14453906,SAN PEDRO DE URABÁ,LA ATOYOSA,414-12,414-12,CLOSED,C54855,PRIMARIA,7.621,R,NORMAL,8.52541,-76.29379,2019-07-23,2019-09-02,RURAL,57960571,57969150,LA ATOYOSA,1F,5665,TURBO
14455386,SAN PEDRO DE URABÁ,S.PEDRO URABA,407-12,407-12,CLOSED,C54872,PRIMARIA,7.621,R,NORMAL,8.26631,-76.37249,2019-07-25,2019-08-15,RURAL,57346626,57961099,S.PEDRO URABA,1F,5665,TURBO
14455399,SAN PEDRO DE URABÁ,S.PEDRO URABA,407-12,407-12,CLOSED,C54873,PRIMARIA,7.621,R,NORMAL,8.26622,-76.37250999999999,2019-07-25,2019-08-15,RURAL,57961093,57965801,S.PEDRO URABA,1F,5665,TURBO
21201190,ARBOLETES,ARBOLETES,409-G1,409-G1,OPEN,C55072,PRIMARIA,13.2,RST,NORMAL,8.8478,-76.43114,2019-08-06,2019-08-06,URBANO,57963996,57963997,ARBOLETES,3F,5051,TURBO
21204339,ARBOLETES,ARBOLETES,409-G2,409-G2,OPEN,C55231,SUBTRANSMISION,34.5,RST,NORMAL,8.847669999999999,-76.43113000000001,2019-08-12,2019-08-12,URBANO,57964926,57964934,ARBOLETES,3F,5051,TURBO
21206683,SAN PEDRO DE URABÁ,S.PEDRO URABA,407-12,407-12,CLOSED,C55291,PRIMARIA,13.2,RS,NORMAL,8.45585,-76.36506999999999,2019-08-15,2019-08-15,RURAL,57744670,57965802,S.PEDRO URABA,2F,5665,TURBO
21206691,SAN PEDRO DE URABÁ,S.PEDRO URABA,407-12,407-12,CLOSED,C55292,PRIMARIA,13.2,RS,NORMAL,8.455789999999999,-76.36513000000001,2019-08-15,2019-08-15,RURAL,57965803,57965804,S.PEDRO URABA,2F,5665,TURBO
21206704,SAN PEDRO DE URABÁ,S.PEDRO URABA,407-11,407-11,CLOSED,C55293,PRIMARIA,7.621,S,NORMAL,8.26207,-76.37931999999999,2019-08-15,2019-09-02,RURAL,57929868,57965808,S.PEDRO URABA,1F,5665,TURBO
21206718,SAN PEDRO DE URABÁ,S.PEDRO URABA,407-11,407-11,CLOSED,C55294,PRIMARIA,7.621,S,NORMAL,8.262030000000001,-76.37923,2019-08-15,2019-09-02,RURAL,57965811,57969163,S.PEDRO URABA,1F,5665,TURBO
21207392,MUTATÁ,CAUCHERAS,404-12,404-12,CLOSED,C55331,PRIMARIA,7.621,R,NORMAL,7.429819999999999,-76.53787,2019-08-16,2019-10-01,RURAL,47640119,57966038,CAUCHERAS,1F,5480,APARTADO
21207418,MUTATÁ,CAUCHERAS,404-12,404-12,CLOSED,C55332,PRIMARIA,7.621,R,NORMAL,7.42978,-76.53795,2019-08-16,2019-10-01,RURAL,57966041,57976098,CAUCHERAS,1F,5480,APARTADO
21215541,MUTATÁ,CAUCHERAS,404-11,404-11,CLOSED,C55576,PRIMARIA,13.2,RT,NORMAL,7.31752,-76.48778,2019-08-30,2019-09-12,RURAL,57968888,57971552,CAUCHERAS,2F,5480,APARTADO
21215552,MUTATÁ,CAUCHERAS,404-11,404-11,CLOSED,C55577,PRIMARIA,13.2,RT,NORMAL,7.31757,-76.48770999999999,2019-08-30,2019-09-12,RURAL,57968895,57874629,CAUCHERAS,2F,5480,APARTADO
21217626,TURBO,PUEBLO BELLO,410-11,410-11,CLOSED,C55632,PRIMARIA,7.621,T,NORMAL,8.202919999999999,-76.5252,2019-09-04,2019-09-23,RURAL,57464969,57969588,PUEBLO BELLO,1F,5837,TURBO
21217638,TURBO,PUEBLO BELLO,410-11,410-11,CLOSED,C55633,PRIMARIA,7.621,T,NORMAL,8.20282,-76.52518,2019-09-04,2019-09-23,RURAL,57969589,57973949,PUEBLO BELLO,1F,5837,TURBO
21217758,ARBOLETES,ARBOLETES,409-12,409-12,CLOSED,C55634,PRIMARIA,7.621,T,NORMAL,8.83784,-76.43498000000001,2019-09-04,2019-10-01,RURAL,57420865,57969611,ARBOLETES,1F,5051,TURBO
21217760,ARBOLETES,ARBOLETES,409-12,409-12,CLOSED,C55635,PRIMARIA,7.621,T,NORMAL,8.837769999999999,-76.43491,2019-09-04,2019-10-01,RURAL,57969612,57976096,ARBOLETES,1F,5051,TURBO
21225284,CAREPA,APARTADO,401-41,401-41,CLOSED,C55936,SUBTRANSMISION,44.0,TSR,NORMAL,7.777089999999999,-76.65647,2019-09-16,2019-11-20,RURAL,57972048,57987702,APARTADO,3F,5147,APARTADO
21239306,CAREPA,CAREPA,412-14,412-14,CLOSED,C56931,PRIMARIA,7.621,R,NORMAL,7.7744,-76.65661999999999,2019-10-01,2019-10-26,RURAL,57293890,57975968,CAREPA,1F,5147,APARTADO
21239309,CAREPA,CAREPA,412-14,412-14,CLOSED,C56932,PRIMARIA,7.621,R,NORMAL,7.774360000000001,-76.65653,2019-10-01,2019-10-26,RURAL,57975969,57390557,CAREPA,1F,5147,APARTADO
21239525,NECOCLÍ,NECOCLI,415-12,415-12,CLOSED,C56951,PRIMARIA,13.2,STR,NORMAL,8.41997,-76.64659,2019-10-01,2019-10-31,RURAL,57308588,57976029,NECOCLI,3F,5490,TURBO
21239534,NECOCLÍ,NECOCLI,415-12,415-12,CLOSED,C56952,PRIMARIA,13.2,STR,NORMAL,8.419939999999999,-76.64669,2019-10-01,2019-10-31,RURAL,57976033,57983340,NECOCLI,3F,5490,TURBO
21240675,TURBO,URABA,406-11,406-11,CLOSED,C4577,PRIMARIA,13.2,RST,NORMAL,7.93398,-76.70883,2019-10-02,2019-12-17,RURAL,57993395,57993397,URABA,3F,5837,TURBO
21240676,TURBO,URABA,406-11,406-11,CLOSED,C4578,PRIMARIA,13.2,RST,NORMAL,7.93398,-76.70874,2019-10-02,2019-12-16,RURAL,57993398,57993401,URABA,3F,5837,TURBO
21240677,TURBO,URABA,406-12,406-12,CLOSED,C4572,PRIMARIA,13.2,RST,NORMAL,7.93382,-76.70883,2019-10-02,2019-12-17,RURAL,57993508,57993525,URABA,3F,5837,TURBO
21240678,TURBO,URABA,406-12,406-12,CLOSED,C4576,PRIMARIA,13.2,RST,NORMAL,7.93382,-76.70873,2019-10-02,2019-12-17,RURAL,57993526,57993530,URABA,3F,5837,TURBO
21240679,TURBO,URABA,406-13,406-13,CLOSED,C4573,PRIMARIA,13.2,RST,NORMAL,7.9336899999999995,-76.70881999999999,2019-10-02,2019-12-19,RURAL,57994043,57994044,URABA,3F,5837,TURBO
21240680,TURBO,URABA,406-13,406-13,CLOSED,C4574,PRIMARIA,13.2,RST,NORMAL,7.9336899999999995,-76.70872,2019-10-02,2019-12-19,RURAL,57994046,57994053,URABA,3F,5837,TURBO
21241607,TURBO,URABA,406-G1,406-G1,CLOSED,C57051,PRIMARIA,13.2,RST,NORMAL,7.93405,-76.70838,2019-10-03,2019-12-17,RURAL,57976752,57979188,URABA,3F,5837,TURBO
21241715,TURBO,URABA,406-G1,406-G1,CLOSED,C57052,PRIMARIA,13.2,RST,NORMAL,7.93405,-76.70829,2019-10-03,2019-12-17,RURAL,57984358,57976754,URABA,3F,5837,TURBO
21241720,TURBO,URABA,406-G1,406-G1,OPEN,C57053,PRIMARIA,13.2,RST,NORMAL,7.934069999999999,-76.70833,2019-10-03,2019-12-17,RURAL,57976752,57976754,URABA,3F,5837,TURBO
21255868,TURBO,CIRILO,413-11,413-11,CLOSED,C57486,PRIMARIA,7.621,R,NORMAL,8.1694,-76.7304,2019-10-23,2019-11-21,RURAL,57613197,57981064,CIRILO,1F,5837,TURBO
21255900,TURBO,CIRILO,413-11,413-11,CLOSED,C57487,PRIMARIA,7.621,R,NORMAL,8.16943,-76.73031,2019-10-23,2019-11-21,RURAL,57981075,57987856,CIRILO,1F,5837,TURBO
21257288,SAN PEDRO DE URABÁ,LA ATOYOSA,414-12,414-12,CLOSED,C57520,PRIMARIA,7.621,R,NORMAL,8.5376,-76.28566,2019-10-24,2019-12-23,RURAL,57426456,57981483,LA ATOYOSA,1F,5665,TURBO
21257303,SAN PEDRO DE URABÁ,LA ATOYOSA,414-12,414-12,CLOSED,C57521,PRIMARIA,7.621,R,NORMAL,8.53764,-76.28558000000001,2019-10-24,2019-12-23,RURAL,57981486,57994672,LA ATOYOSA,1F,5665,TURBO
21257460,NECOCLÍ,LA ATOYOSA,414-11,414-11,CLOSED,C57526,PRIMARIA,7.621,S,NORMAL,8.54463,-76.59114,2019-10-24,2019-10-29,RURAL,57982428,57981557,LA ATOYOSA,1F,5490,TURBO
21257484,NECOCLÍ,LA ATOYOSA,414-11,414-11,CLOSED,C57527,PRIMARIA,7.621,S,NORMAL,8.54468,-76.59121,2019-10-24,2019-10-29,RURAL,57981559,57982431,LA ATOYOSA,1F,5490,TURBO
21270942,SAN JUAN DE URABÁ,ARBOLETES,409-12,409-12,CLOSED,C57991,PRIMARIA,13.2,ST,NORMAL,8.73969,-76.6055,2019-11-14,2019-11-14,RURAL,57985952,57985953,ARBOLETES,2F,5659,TURBO
21295121,TURBO,URABA,411-41,411-41,CLOSED,C58671,SUBTRANSMISION,44.0,TSR,NORMAL,7.93439,-76.70877,2019-12-17,2019-12-17,RURAL,57993435,57993437,URABA,3F,5837,TURBO
21295158,TURBO,URABA,411-41,411-41,CLOSED,C58672,SUBTRANSMISION,44.0,TSR,NORMAL,7.93439,-76.70869,2019-12-17,2019-12-17,RURAL,57993448,57993449,URABA,3F,5837,TURBO
21296767,NECOCLÍ,ARBOLETES,409-12,409-12,CLOSED,C58691,PRIMARIA,13.2,ST,NORMAL,8.695310000000001,-76.62913,2019-12-18,2019-12-18,RURAL,57352356,57993931,ARBOLETES,2F,5490,TURBO
21299108,NECOCLÍ,NECOCLI,415-13,415-11,OPEN,C58734,PRIMARIA,7.621,T,NORMAL,8.429780000000001,-76.78289000000001,2019-12-23,2020-04-20,RURAL,57994788,57994789,NECOCLI,1F,5490,TURBO
21310066,ARBOLETES,ARBOLETES,409-12,409-12,CLOSED,C58951,PRIMARIA,13.2,RST,NORMAL,8.83036,-76.45291999999999,2020-01-15,2020-02-12,RURAL,47641474,57998128,ARBOLETES,3F,5051,TURBO
21310068,ARBOLETES,ARBOLETES,409-12,409-12,CLOSED,C58952,PRIMARIA,13.2,RST,NORMAL,8.83033,-76.45300999999999,2020-01-15,2020-02-12,RURAL,57998129,58005150,ARBOLETES,3F,5051,TURBO
21310072,ARBOLETES,ARBOLETES,409-12,409-12,OPEN,C58953,PRIMARIA,13.2,RST,NORMAL,8.83032,-76.45295,2020-01-15,2020-02-12,RURAL,47641474,58005150,ARBOLETES,3F,5051,TURBO
21317189,NECOCLÍ,LA ATOYOSA,414-11,414-11,OPEN,C59171,PRIMARIA,13.2,TSR,NORMAL,8.54367,-76.59183,2020-01-23,2020-02-11,RURAL,58005095,58005099,LA ATOYOSA,3F,5490,TURBO
21317211,NECOCLÍ,LA ATOYOSA,414-11,414-11,CLOSED,C59172,PRIMARIA,13.2,TSR,NORMAL,8.54372,-76.59181,2020-01-23,2020-02-11,RURAL,58005095,58005097,LA ATOYOSA,3F,5490,TURBO
21317218,NECOCLÍ,LA ATOYOSA,414-11,414-11,CLOSED,C59173,PRIMARIA,13.2,TSR,NORMAL,8.54367,-76.59188,2020-01-23,2020-02-11,RURAL,58005098,58005099,LA ATOYOSA,3F,5490,TURBO
21317911,APARTADÓ,APARTADO,401-11,401-11,CLOSED,C59192,PRIMARIA,13.2,RST,NORMAL,7.87522,-76.60791,2020-01-23,2020-02-12,URBANO,58005151,58005152,APARTADO,3F,5045,APARTADO
21317915,APARTADÓ,APARTADO,401-11,401-11,CLOSED,C59193,PRIMARIA,13.2,RST,NORMAL,7.8752699999999995,-76.60784,2020-01-23,2020-02-12,URBANO,58005153,58005154,APARTADO,3F,5045,APARTADO
21317986,APARTADÓ,APARTADO,401-11,401-11,CLOSED,C59194,PRIMARIA,13.2,RST,NORMAL,7.87506,-76.60876999999999,2020-01-23,2020-02-12,URBANO,58005145,58005146,APARTADO,3F,5045,APARTADO
21320525,CHIGORODÓ,CHIGORODO,403-16,403-16,OPEN,C59252,PRIMARIA,13.2,RST,NORMAL,7.58632,-76.63235,2020-01-27,2020-03-16,RURAL,57798527,58013881,CHIGORODO,3F,5172,APARTADO
21337788,MUTATÁ,CAUCHERAS,404-11,605-14,OPEN,C59551,PRIMARIA,7.621,T,NORMAL,7.19805,-76.41281,2020-02-14,2020-03-30,RURAL,53155594,58005755,CAUCHERAS,1F,5480,APARTADO
21337962,TURBO,TURBO,402-15,402-15,CLOSED,C59552,PRIMARIA,13.2,RST,NORMAL,8.09043,-76.72572,2020-02-14,2020-06-24,URBANO,70762154,58005811,TURBO,3F,5837,TURBO
21337967,TURBO,TURBO,402-15,402-15,CLOSED,C59553,PRIMARIA,13.2,RST,NORMAL,8.09043,-76.72581,2020-02-14,2020-06-24,URBANO,58005813,70762155,TURBO,3F,5837,TURBO
21345612,APARTADÓ,APARTADO,401-15,401-15,OPEN,C59732,PRIMARIA,13.2,STR,NORMAL,7.88311,-76.63229,2020-02-24,2020-02-27,URBANO,57375633,58009321,APARTADO,3F,5045,APARTADO
21345622,APARTADÓ,APARTADO,401-15,401-15,CLOSED,C59734,PRIMARIA,13.2,STR,NORMAL,7.88317,-76.63231999999999,2020-02-24,2020-02-27,URBANO,57375633,58009319,APARTADO,3F,5045,APARTADO
21345627,APARTADÓ,APARTADO,401-15,401-15,CLOSED,C59735,PRIMARIA,13.2,STR,NORMAL,7.8830800000000005,-76.63235,2020-02-24,2020-02-27,URBANO,58009320,58009321,APARTADO,3F,5045,APARTADO
21348116,APARTADÓ,APARTADO,401-13,401-13,CLOSED,C59791,PRIMARIA,13.2,RTS,NORMAL,7.8877,-76.63064,2020-02-26,2020-03-17,URBANO,57380411,58008831,APARTADO,3F,5045,APARTADO
21348122,APARTADÓ,APARTADO,401-13,401-13,CLOSED,C59792,PRIMARIA,13.2,RTS,NORMAL,7.88772,-76.63074,2020-02-26,2020-03-19,URBANO,58008832,58014639,APARTADO,3F,5045,APARTADO
21348125,APARTADÓ,APARTADO,401-13,401-13,OPEN,C59793,PRIMARIA,13.2,RTS,NORMAL,7.8876800000000005,-76.6307,2020-02-26,2020-03-19,URBANO,57380411,58014639,APARTADO,3F,5045,APARTADO
21350842,TURBO,NUEVA COLONIA,406-12,406-12,CLOSED,C59814,PRIMARIA,13.2,SRT,NORMAL,7.93355,-76.71432,2020-02-27,2020-03-03,RURAL,47639475,58010518,NUEVA COLONIA,3F,5837,TURBO
21350843,TURBO,NUEVA COLONIA,406-12,406-12,CLOSED,C59815,PRIMARIA,13.2,SRT,NORMAL,7.93364,-76.71436,2020-02-27,2020-03-03,RURAL,58010519,58010520,NUEVA COLONIA,3F,5837,TURBO
21359339,TURBO,TURBO,402-16,402-16,CLOSED,C59991,PRIMARIA,13.2,RST,NORMAL,8.09154,-76.7285,2020-03-09,2020-05-06,URBANO,70751902,70751884,TURBO,3F,5837,TURBO
21359356,TURBO,TURBO,402-16,402-16,CLOSED,C59992,PRIMARIA,13.2,RST,NORMAL,8.0915,-76.72858000000001,2020-03-09,2020-05-06,URBANO,70751886,70751887,TURBO,3F,5837,TURBO
22524911,NECOCLÍ,NECOCLI,415-13,415-13,CLOSED,C60413,PRIMARIA,7.621,R,NORMAL,8.49779,-76.71489,2020-04-02,2020-04-02,RURAL,58678276,47643963,NECOCLI,1F,5490,TURBO
22524912,NECOCLÍ,NECOCLI,415-13,415-13,CLOSED,C60414,PRIMARIA,13.2,RST,NORMAL,8.49789,-76.71486,2020-04-02,2020-04-02,RURAL,58678269,58678282,NECOCLI,3F,5490,TURBO
31293084,NECOCLÍ,NECOCLI,415-13,415-13,CLOSED,C61000,PRIMARIA,13.2,TSR,NORMAL,8.47922,-76.73127,2020-05-05,2020-05-06,RURAL,57961375,70751542,NECOCLI,3F,5490,TURBO
