G3E_FID,MUNICIPIO,SUBESTACIO,CIRCUITO,CIRCUITO_S,EST_ESTABL,RECONEC_CODE,TIPO_RED,TENSION,FASES,LATITUDE,LONGITUDE,FECHA_COLO,FECHA_MODI,CLASIFICAC,NODO1_ID,NODO2_ID,UBICACION_,FECHA_ACTU,MUNICIPIO_CODE,SUBREGION
12074342,CHIGORODÓ,CHIGORODO,403-12,403-12,CLOSED,R813,PRIMARIA,13.2,SRT,7.671539999999999,-76.69638,2008-10-18,2020-06-09,RURAL,57499751,57499752,12074342-5,2018-04-05,5172,APARTADO
12223211,CHIGORODÓ,CHIGORODO,403-12,403-12,CLOSED,R4476,PRIMARIA,7.621,T,7.6670300000000005,-76.69976,2009-09-01,2020-06-09,RURAL,57391577,57391582,12223211-5,2018-04-05,5172,APARTADO
12265633,TURBO,NUEVA COLONIA,406-11,406-11,CLOSED,R792,PRIMARIA,13.2,RST,7.9358699999999995,-76.69778000000001,2009-10-27,2020-06-09,RURAL,57492468,57492469,12265633-5,2018-04-16,5837,TURBO
12275085,TURBO,NUEVA COLONIA,406-11,406-11,CLOSED,R1470,PRIMARIA,13.2,RST,7.93589,-76.66136999999999,2009-11-11,2020-06-09,RURAL,57507917,57386607,12275085-5,2018-04-16,5837,TURBO
12282763,SAN JUAN DE URABÁ,ARBOLETES,409-12,409-12,CLOSED,R499,PRIMARIA,13.2,RST,8.752,-76.53442,2009-11-23,2020-06-09,RURAL,57420369,57420371,12282763-5,2018-04-13,5659,TURBO
12357222,CHIGORODÓ,CHIGORODO,403-16,403-16,CLOSED,R887,PRIMARIA,13.2,RST,7.584410000000001,-76.6315,2010-03-10,2018-07-07,RURAL,57392502,57392508,12357222-5,2018-04-16,5172,APARTADO
12402964,CAREPA,CAREPA,412-14,412-14,CLOSED,RA657,PRIMARIA,13.2,TSR,7.75339,-76.63861,2010-05-31,2020-06-09,RURAL,57949570,57960380,12402964-5,2018-03-24,5147,APARTADO
12427142,NECOCLÍ,NECOCLI,415-11,415-11,CLOSED,R809,PRIMARIA,13.2,TSR,8.427810000000001,-76.78913,2010-07-09,2020-06-09,URBANO,57347439,57491157,12427142-5,2018-04-13,5490,TURBO
12496286,CAREPA,CAREPA,412-11,412-11,CLOSED,R900,PRIMARIA,13.2,SRT,7.7549600000000005,-76.66036,2010-10-15,2020-06-09,URBANO,57501071,57501072,12496286-5,2018-04-10,5147,APARTADO
12628251,MUTATÁ,CAUCHERAS,404-11,404-11,CLOSED,R1014,PRIMARIA,7.621,T,7.2390300000000005,-76.4333,2011-01-26,2020-06-09,RURAL,58015690,58015691,12628251-5,2018-04-16,5480,APARTADO
12662826,NECOCLÍ,NECOCLI,415-12,415-12,CLOSED,RA504,PRIMARIA,13.2,STR,8.413160000000001,-76.75596999999999,2011-03-19,2020-06-09,RURAL,57399256,57336781,12662826-5,2018-04-16,5490,TURBO
12702541,TURBO,URABA,411-13,411-13,CLOSED,R1299,PRIMARIA,13.2,RST,8.0727,-76.64654,2011-05-25,2020-06-09,RURAL,57981858,57981857,12702541-5,2018-04-16,5837,TURBO
12819997,CHIGORODÓ,CHIGORODO,403-16,403-16,CLOSED,R1013,PRIMARIA,13.2,TR,7.572710000000001,-76.65332,2012-02-09,2020-06-09,RURAL,57408740,57395524,12819997-5,2018-04-16,5172,APARTADO
12867607,TURBO,URABA,411-11,411-11,CLOSED,R844,PRIMARIA,13.2,TSR,7.997310000000001,-76.62923,2012-05-02,2020-06-09,RURAL,57500002,57500003,12867607-5,2018-04-16,5837,TURBO
12875501,ARBOLETES,ARBOLETES,409-11,409-11,CLOSED,RA687,PRIMARIA,7.621,R,8.836789999999999,-76.40666,2012-05-11,2020-06-09,RURAL,57413867,57413868,12875501-5,2018-04-09,5051,TURBO
13080523,MUTATÁ,CAUCHERAS,404-12,404-12,CLOSED,R790,PRIMARIA,13.2,TSR,7.342639999999999,-76.49073,2013-03-13,2018-07-07,RURAL,57584980,57333393,13080523-5,2018-04-16,5480,APARTADO
13087137,NECOCLÍ,NECOCLI,415-13,415-13,CLOSED,R810,PRIMARIA,13.2,RST,8.532860000000001,-76.67978000000001,2013-03-20,2018-07-07,RURAL,57516732,57516733,13087137-5,2018-04-13,5490,TURBO
13093571,TURBO,CIRILO,413-11,413-11,CLOSED,R415,PRIMARIA,13.2,RST,8.197569999999999,-76.74493000000001,2013-04-08,2019-12-27,RURAL,53163419,57494123,13093571-5,2018-04-16,5837,TURBO
13093827,TURBO,TURBO,402-14,402-14,CLOSED,R827,PRIMARIA,13.2,RST,8.09865,-76.72943000000001,2013-04-09,2018-07-07,URBANO,57277726,57277727,13093827-5,2018-04-16,5837,TURBO
13093993,TURBO,TURBO,402-16,402-16,CLOSED,R829,PRIMARIA,13.2,RST,8.09249,-76.72568000000001,2013-04-09,2017-07-24,URBANO,57276983,57276985,13093993-5,2018-03-08,5837,TURBO
13094360,APARTADÓ,APARTADO,401-13,401-13,CLOSED,R802,PRIMARIA,13.2,STR,7.88893,-76.63368,2013-04-09,2018-07-07,URBANO,57493208,57493210,13094360-5,2018-02-28,5045,APARTADO
13094716,TURBO,TURBO,402-15,402-15,CLOSED,R828,PRIMARIA,13.2,TSR,8.08885,-76.72462,2013-04-09,2020-06-09,URBANO,57493379,57493381,13094716-5,2018-04-13,5837,TURBO
13095101,APARTADÓ,APARTADO,401-15,401-15,CLOSED,R811,PRIMARIA,13.2,RTS,7.888380000000001,-76.63839,2013-04-10,2018-07-07,URBANO,57492332,57492333,13095101-5,2018-02-27,5045,APARTADO
13098933,ARBOLETES,ARBOLETES,409-11,409-11,CLOSED,R845,PRIMARIA,13.2,RST,8.849730000000001,-76.42291,2013-04-23,2020-06-09,URBANO,57413765,57319869,13098933-5,2018-04-09,5051,TURBO
13100252,TURBO,S.PEDRO URABA,407-13,407-13,CLOSED,R857,PRIMARIA,13.2,SRT,8.34313,-76.45469,2013-04-26,2020-06-09,RURAL,57926792,57496600,13100252-5,2018-04-11,5837,TURBO
13100259,MUTATÁ,CAUCHERAS,404-11,404-11,CLOSED,R859,PRIMARIA,13.2,TSR,7.24627,-76.43861,2013-04-26,2018-07-07,RURAL,57496004,57496448,13100259-5,2018-04-16,5480,APARTADO
13101711,SAN PEDRO DE URABÁ,S.PEDRO URABA,407-12,407-12,CLOSED,R856,PRIMARIA,13.2,SRT,8.2739,-76.37629,2013-04-30,2020-06-09,URBANO,57496490,57496491,13101711-5,2018-04-16,5665,TURBO
13104825,APARTADÓ,APARTADO,401-11,401-11,CLOSED,R860,PRIMARIA,13.2,RST,7.87524,-76.60786999999999,2013-05-08,2020-06-09,URBANO,58005152,58005153,13104825-5,2018-04-16,5045,APARTADO
13169461,TURBO,PUEBLO BELLO,410-11,410-11,CLOSED,R410,PRIMARIA,13.2,RST,8.208260000000001,-76.52202,2013-09-06,2019-12-27,RURAL,51147442,57940275,13169461-5,2018-04-10,5837,TURBO
13178722,NECOCLÍ,NECOCLI,415-13,414-11,OPEN,R978,PRIMARIA,13.2,TSR,8.54889,-76.65850999999999,2013-09-24,2018-07-07,RURAL,57544489,57544490,13178722-5,2018-04-13,5490,TURBO
13180013,NECOCLÍ,LA ATOYOSA,414-11,414-11,CLOSED,R972,PRIMARIA,13.2,TSR,8.54369,-76.59184,2013-09-26,2020-02-11,RURAL,58005097,58005098,13180013-5,2018-04-16,5490,TURBO
13182209,ARBOLETES,LA ATOYOSA,414-13,414-13,CLOSED,R973,PRIMARIA,13.2,RST,8.69479,-76.42459000000001,2013-10-01,2020-06-09,RURAL,57901548,57901550,13182209-5,2018-10-06,5051,TURBO
13222891,ARBOLETES,LA ATOYOSA,414-11,414-11,CLOSED,R481,PRIMARIA,13.2,RST,8.68595,-76.42241999999999,2013-12-23,2020-06-09,RURAL,57544389,57544390,13222891-5,2018-04-16,5051,TURBO
13432844,SAN PEDRO DE URABÁ,S.PEDRO URABA,407-12,407-12,CLOSED,R1068,PRIMARIA,7.621,R,8.38827,-76.31875,2015-01-05,2020-06-09,RURAL,58010664,58010665,13432844-5,2018-04-16,5665,TURBO
13432878,ARBOLETES,S.PEDRO URABA,407-12,407-12,CLOSED,R1069,PRIMARIA,7.621,R,8.48819,-76.3787,2015-01-05,2020-06-09,RURAL,58010688,58010690,13432878-5,2018-04-16,5051,TURBO
13432907,SAN PEDRO DE URABÁ,S.PEDRO URABA,407-12,407-12,CLOSED,R1070,PRIMARIA,13.2,TSR,8.2855,-76.37508000000001,2015-01-05,2020-06-09,RURAL,58001752,58001753,13432907-5,2018-04-16,5665,TURBO
13450541,CAREPA,CAREPA,412-13,412-13,CLOSED,R1052,PRIMARIA,13.2,SRT,7.786460000000001,-76.6544,2015-02-06,2019-12-27,RURAL,57143452,57621638,13450541-5,2018-04-10,5147,APARTADO
13485112,ARBOLETES,LA ATOYOSA,414-12,414-12,CLOSED,R1088,PRIMARIA,13.2,RST,8.68575,-76.42266,2015-03-19,2019-12-27,RURAL,57901327,57901326,13485112-5,2018-04-10,5051,TURBO
13490974,NECOCLÍ,NECOCLI,415-13,415-13,CLOSED,R1077,PRIMARIA,13.2,TSR,8.49785,-76.71488000000001,2015-03-31,2020-04-02,RURAL,47643963,58678269,13490974-5,2018-04-13,5490,TURBO
13491305,ARBOLETES,LA ATOYOSA,414-11,414-11,CLOSED,R1086,PRIMARIA,7.621,T,8.62723,-76.51123,2015-04-06,2020-06-09,RURAL,57635587,57635589,13491305-5,2018-04-16,5051,TURBO
13508146,SAN JUAN DE URABÁ,LA ATOYOSA,414-13,409-12,OPEN,R1090,PRIMARIA,13.2,RST,8.71909,-76.50229,2015-04-29,2019-12-27,RURAL,57452594,57494822,13508146-5,2018-10-17,5659,TURBO
13516936,ARBOLETES,LA ATOYOSA,414-11,414-11,CLOSED,R1078,PRIMARIA,13.2,RST,8.60626,-76.51028000000001,2015-05-15,2020-06-09,RURAL,58010784,58010786,13516936-5,2018-04-16,5051,TURBO
13566830,SAN JUAN DE URABÁ,ARBOLETES,409-12,409-12,CLOSED,R1271,PRIMARIA,13.2,ST,8.74518,-76.5822,2015-08-12,2020-06-09,RURAL,57944676,57944677,13566830-5,2018-04-13,5659,TURBO
13905548,TURBO,CHIGORODO,403-16,403-16,CLOSED,R1194,PRIMARIA,13.2,RST,7.57153,-76.71696,2016-11-16,2020-03-10,RURAL,57676819,57642370,13905548-5,2018-04-16,5837,APARTADO
13905573,TURBO,CHIGORODO,403-16,403-16,CLOSED,R1193,PRIMARIA,13.2,SR,7.571560000000001,-76.7171,2016-11-16,2020-06-09,RURAL,57396032,57642368,13905573-5,2018-04-16,5837,APARTADO
13912002,CHIGORODÓ,CAUCHERAS,404-12,403-16,OPEN,R1192,PRIMARIA,13.2,TSR,7.54816,-76.61153,2016-11-23,2019-12-27,RURAL,57648604,57648863,13912002-5,2018-04-16,5172,APARTADO
13912695,TURBO,URABA,411-11,411-11,CLOSED,R1191,PRIMARIA,7.621,S,8.03219,-76.51486,2016-11-24,2020-06-09,RURAL,57571050,57571051,13912695-5,2018-04-16,5837,TURBO
13913878,TURBO,URABA,411-11,411-11,CLOSED,R1197,PRIMARIA,13.2,RST,7.98751,-76.63571,2016-11-24,2019-12-27,RURAL,47642234,53145357,13913878-5,2018-04-16,5837,TURBO
13917149,ARBOLETES,LA ATOYOSA,414-11,414-11,CLOSED,R1224,PRIMARIA,13.2,RST,8.656080000000001,-76.44908000000001,2016-11-29,2020-06-09,RURAL,57440128,57440129,13917149-5,2018-04-16,5051,TURBO
13917168,NECOCLÍ,LA ATOYOSA,414-11,414-11,CLOSED,R1226,PRIMARIA,7.621,S,8.548689999999999,-76.56911,2016-11-29,2020-06-09,RURAL,57535895,57535896,13917168-5,2018-04-16,5490,TURBO
13917175,SAN JUAN DE URABÁ,LA ATOYOSA,414-11,414-11,CLOSED,R1225,PRIMARIA,7.621,T,8.66865,-76.54783,2016-11-29,2020-06-09,RURAL,57493110,57493112,13917175-5,2018-04-16,5659,TURBO
13917223,SAN PEDRO DE URABÁ,S.PEDRO URABA,407-11,407-11,CLOSED,R1227,PRIMARIA,7.621,S,8.18661,-76.37796,2016-11-29,2020-06-09,RURAL,57279300,57902295,13917223-5,2018-04-16,5665,TURBO
13918949,CHIGORODÓ,CHIGORODO,403-16,403-16,CLOSED,R1190,PRIMARIA,7.621,S,7.65418,-76.66841,2016-12-05,2020-06-09,RURAL,57391243,57391245,13918949-5,2018-04-16,5172,APARTADO
13919233,SAN PEDRO DE URABÁ,S.PEDRO URABA,407-11,407-11,CLOSED,R1228,PRIMARIA,7.621,S,8.26118,-76.38089000000001,2016-12-05,2020-06-09,RURAL,57670432,57670433,13919233-5,2018-04-16,5665,TURBO
13919239,TURBO,URABA,411-11,406-11,OPEN,R1196,PRIMARIA,13.2,RST,7.93577,-76.62185,2016-12-05,2020-03-04,RURAL,58011008,58011010,13919239-5,2018-04-16,5837,TURBO
13920012,APARTADÓ,APARTADO,401-11,401-11,CLOSED,R1229,PRIMARIA,7.621,T,7.883380000000001,-76.5617,2016-12-06,2020-06-09,RURAL,47632889,58014395,13920012-5,2018-04-16,5045,APARTADO
13965110,NECOCLÍ,NECOCLI,415-12,415-12,CLOSED,R1268,PRIMARIA,13.2,TSR,8.40895,-76.75417,2017-01-31,2019-12-27,RURAL,57792456,57792458,13965110-5,2018-04-16,5490,TURBO
13965234,NECOCLÍ,NECOCLI,415-12,415-12,CLOSED,R1273,PRIMARIA,7.621,T,8.346960000000001,-76.73921999999999,2017-01-31,2020-06-09,RURAL,57409011,57409027,13965234-5,2018-04-16,5490,TURBO
13965280,NECOCLÍ,NECOCLI,415-13,415-13,CLOSED,R1276,PRIMARIA,13.2,TSR,8.47202,-76.73380999999999,2017-01-31,2020-06-09,RURAL,47643927,57492678,13965280-5,2018-04-13,5490,TURBO
13965324,CHIGORODÓ,CHIGORODO,403-12,403-12,CLOSED,R1277,PRIMARIA,7.621,T,7.69066,-76.72721,2017-01-31,2020-06-09,RURAL,57844019,57844020,13965324-5,2018-04-05,5172,APARTADO
13965325,CHIGORODÓ,CHIGORODO,403-12,403-12,CLOSED,R1272,PRIMARIA,7.621,R,7.68509,-76.72914,2017-01-31,2020-06-09,RURAL,57392686,57392688,13965325-5,2018-04-05,5172,APARTADO
13966266,TURBO,NECOCLI,415-12,415-12,CLOSED,R1275,PRIMARIA,7.621,R,8.36255,-76.61072,2017-02-02,2020-06-09,RURAL,57792876,57792880,13966266-5,2018-04-16,5837,TURBO
13966943,SAN JUAN DE URABÁ,ARBOLETES,409-12,409-12,CLOSED,R1265,PRIMARIA,13.2,RST,8.75677,-76.52875,2017-02-03,2019-12-27,RURAL,57487252,57793143,13966943-5,2018-04-13,5659,TURBO
13967092,NECOCLÍ,NECOCLI,415-12,415-12,CLOSED,R1269,PRIMARIA,13.2,STR,8.42015,-76.64649,2017-02-03,2020-06-09,RURAL,57310102,57310129,13967092-5,2018-04-16,5490,TURBO
13967124,NECOCLÍ,NECOCLI,415-12,415-12,CLOSED,R1274,PRIMARIA,13.2,STR,8.41041,-76.64414000000001,2017-02-03,2020-06-09,RURAL,57964369,58003463,13967124-5,2018-04-16,5490,TURBO
14010289,APARTADÓ,APARTADO,401-11,401-11,CLOSED,R1223,PRIMARIA,13.2,STR,7.8891,-76.6277,2017-04-03,2019-12-27,URBANO,57808042,57808043,14010289-5,2018-04-16,5045,APARTADO
14063242,CHIGORODÓ,CHIGORODO,403-13,403-13,CLOSED,R1337,PRIMARIA,13.2,RST,7.664789999999999,-76.67581,2017-07-06,2020-06-09,URBANO,57389288,57825465,14063242-5,2018-02-28,5172,APARTADO
14063731,TURBO,URABA,411-13,410-11,OPEN,R1301,PRIMARIA,7.621,T,8.173739999999999,-76.53048000000001,2017-07-07,2019-12-27,RURAL,57782461,57788318,14063731-5,2018-04-16,5837,TURBO
14063844,TURBO,URABA,411-13,411-13,CLOSED,R1303,PRIMARIA,7.621,T,8.12566,-76.57975,2017-07-07,2019-12-27,RURAL,57891012,57891013,14063844-5,2018-04-16,5837,TURBO
14063917,TURBO,PUEBLO BELLO,410-11,410-11,CLOSED,R1335,PRIMARIA,7.621,T,8.20402,-76.52579,2017-07-07,2020-06-09,RURAL,47641533,57825654,14063917-5,2018-04-10,5837,TURBO
14065373,APARTADÓ,NUEVA COLONIA,406-11,406-11,CLOSED,R1332,PRIMARIA,13.2,RT,7.9260399999999995,-76.62011,2017-07-10,2020-06-09,RURAL,57391482,57391483,14065373-5,2018-04-16,5045,APARTADO
14065414,TURBO,URABA,411-13,411-13,CLOSED,R1302,PRIMARIA,13.2,RST,8.12659,-76.68271,2017-07-10,2020-06-09,RURAL,57999327,57999326,14065414-5,2018-04-16,5837,TURBO
14065543,CAREPA,CAREPA,412-11,412-11,CLOSED,R1300,PRIMARIA,7.621,T,7.74787,-76.70453,2017-07-10,2020-06-09,RURAL,47643120,57826187,14065543-5,2018-04-10,5147,APARTADO
14065604,SAN PEDRO DE URABÁ,S.PEDRO URABA,407-13,407-13,CLOSED,R1333,PRIMARIA,13.2,SRT,8.28753,-76.38984,2017-07-10,2020-06-09,URBANO,47674544,57492408,14065604-5,2018-04-11,5665,TURBO
14065656,APARTADÓ,APARTADO,401-11,401-11,CLOSED,R1230,PRIMARIA,7.621,S,7.8956100000000005,-76.61527,2017-07-10,2020-06-09,RURAL,47688326,57826226,14065656-5,2018-04-16,5045,APARTADO
14065668,TURBO,PUEBLO BELLO,410-11,410-11,CLOSED,R1336,PRIMARIA,7.621,R,8.214160000000001,-76.51151,2017-07-10,2020-06-09,RURAL,57987937,57987938,14065668-5,2018-04-10,5837,TURBO
14088489,ARBOLETES,ARBOLETES,409-11,409-11,CLOSED,R1334,PRIMARIA,7.621,R,8.83947,-76.40997,2017-08-01,2020-06-09,RURAL,57831058,57831059,14088489-5,2018-04-09,5051,TURBO
14089839,APARTADÓ,APARTADO,401-16,401-16,CLOSED,R1370,PRIMARIA,13.2,STR,7.874560000000001,-76.63504,2017-08-03,2020-06-09,URBANO,57831474,57831475,14089839-5,2018-04-10,5045,APARTADO
14095226,CHIGORODÓ,CHIGORODO,403-14,403-14,CLOSED,R1367,PRIMARIA,7.621,S,7.69383,-76.67425,2017-08-17,2020-06-09,RURAL,47635521,57845575,14095226-5,2018-04-11,5172,APARTADO
14095300,NECOCLÍ,NECOCLI,415-11,415-11,CLOSED,R1368,PRIMARIA,7.621,T,8.496789999999999,-76.80660999999999,2017-08-17,2020-06-09,RURAL,57409303,57439851,14095300-5,2018-04-13,5490,TURBO
14104511,TURBO,PUEBLO BELLO,410-11,410-11,CLOSED,R1396,PRIMARIA,7.621,R,8.21411,-76.51145,2017-09-11,2020-06-09,RURAL,57987945,57987947,14104511-5,2019-04-04,5837,TURBO
14106296,ARBOLETES,S.PEDRO URABA,407-41,407-41,CLOSED,R1393,SUBTRANSMISION,44.0,TSR,8.6862,-76.42246999999999,2017-09-13,2019-12-27,RURAL,57837122,57837123,6001358-5,2018-03-01,5051,TURBO
14106437,CAREPA,CAREPA,412-14,412-14,CLOSED,R1425,PRIMARIA,7.621,S,7.76435,-76.51433,2017-09-13,2020-06-09,RURAL,57195961,57512184,14106437-5,2018-03-24,5147,APARTADO
14113305,CHIGORODÓ,CHIGORODO,403-11,403-11,CLOSED,R1424,PRIMARIA,13.2,TSR,7.6708,-76.68366999999999,2017-09-27,2019-12-27,URBANO,57839426,57839432,14113305-5,2018-02-19,5172,APARTADO
14113937,TURBO,TURBO,402-14,402-14,CLOSED,R1395,PRIMARIA,13.2,TSR,8.09592,-76.72868000000001,2017-09-29,2020-06-09,URBANO,57839638,57839640,14113937-5,2018-04-16,5837,TURBO
14124784,CAREPA,APARTADO,401-42,401-42,CLOSED,R1471,SUBTRANSMISION,44.0,TSR,7.791910000000001,-76.6529,2017-10-23,2019-12-27,RURAL,57844369,57844370,6001369-5,2018-04-12,5147,APARTADO
14126637,CAREPA,APARTADO,401-41,401-41,CLOSED,R1422,SUBTRANSMISION,44.0,TSR,7.78107,-76.65552,2017-10-27,2019-12-27,RURAL,57843283,57843285,6001372-5,2018-04-10,5147,APARTADO
14139461,CAREPA,APARTADO,401-41,401-42,OPEN,R1423,SUBTRANSMISION,44.0,RST,7.77699,-76.65602,2017-11-09,2019-12-27,RURAL,57844062,57987704,6001372-5,2018-04-10,5147,APARTADO
14154739,SAN PEDRO DE URABÁ,S.PEDRO URABA,407-11,407-11,CLOSED,R1295,PRIMARIA,13.2,RST,8.28761,-76.38977,2017-12-07,2019-12-27,URBANO,53153845,57873163,13094487-5,2018-04-16,5665,TURBO
14154740,SAN PEDRO DE URABÁ,S.PEDRO URABA,407-12,407-12,CLOSED,R1296,PRIMARIA,13.2,RST,8.2876,-76.38976,2017-12-07,2019-12-27,URBANO,57241260,57241262,13094604-5,2018-04-16,5665,TURBO
14154743,SAN PEDRO DE URABÁ,S.PEDRO URABA,407-13,407-13,CLOSED,R1297,PRIMARIA,13.2,SRT,8.28753,-76.38983,2017-12-07,2019-12-27,URBANO,51147396,47674544,13092809-5,2018-04-11,5665,TURBO
14155968,SAN PEDRO DE URABÁ,S.PEDRO URABA,407-41,407-41,CLOSED,R1294,SUBTRANSMISION,44.0,TSR,8.28761,-76.38998000000001,2017-12-12,2019-12-27,URBANO,57750757,57678653,6001358-5,2018-03-01,5665,TURBO
14157636,TURBO,URABA,411-44,411-44,CLOSED,R1394,SUBTRANSMISION,44.0,RST,8.20825,-76.52176,2017-12-18,2019-12-27,RURAL,57832545,57832567,6001333-5,2017-12-19,5837,TURBO
14200381,ARBOLETES,LA ATOYOSA,414-13,414-13,CLOSED,R1270,PRIMARIA,13.2,RST,8.69485,-76.42432,2018-03-06,2020-06-09,RURAL,57253477,57868661,14200381-5,2018-10-06,5051,TURBO
14235796,APARTADÓ,CAREPA,412-13,412-13,CLOSED,R1512,PRIMARIA,13.2,ST,7.800839999999999,-76.63956,2018-05-29,2020-06-09,RURAL,57881887,57881890,14235796-5,2018-05-30,5045,APARTADO
14262511,ARBOLETES,S.PEDRO URABA,407-12,414-12,OPEN,R1502,PRIMARIA,13.2,RS,8.54462,-76.37618,2018-07-19,2020-01-01,RURAL,57635946,57844841,13491388-5,2018-07-20,5051,TURBO
14263507,APARTADÓ,APARTADO,401-16,401-16,CLOSED,R1087,PRIMARIA,13.2,RTS,7.84615,-76.64492,2018-07-24,2020-06-09,RURAL,58010913,58010932,12496279-5,2018-07-25,5045,APARTADO
14272467,TURBO,URABA,411-43,411-43,CLOSED,R1472,SUBTRANSMISION,44.0,RST,8.19759,-76.74481,2018-08-09,2019-12-27,RURAL,57801336,57801337,6001334-5,2018-08-10,5837,TURBO
14272734,NECOCLÍ,NECOCLI,415-13,415-13,CLOSED,R1511,PRIMARIA,13.2,RST,8.427010000000001,-76.78242,2018-08-10,2019-11-18,URBANO,53144984,57493394,13094793-5,2018-08-13,5490,TURBO
14272740,NECOCLÍ,NECOCLI,415-11,415-11,CLOSED,R1509,PRIMARIA,13.2,RST,8.427019999999999,-76.7824,2018-08-10,2019-11-18,URBANO,57296035,57493405,13094813-5,2018-08-13,5490,TURBO
14272745,NECOCLÍ,NECOCLI,415-12,415-12,CLOSED,R1510,PRIMARIA,13.2,RST,8.427010000000001,-76.78238,2018-08-10,2020-04-20,URBANO,70747764,57199084,13094722-5,2018-08-13,5490,TURBO
14282466,TURBO,NUEVA COLONIA,406-12,406-12,CLOSED,R1534,PRIMARIA,13.2,RST,7.93332,-76.71592,2018-09-06,2020-06-09,RURAL,57378993,57911372,14282466-5,2018-09-07,5837,TURBO
14288766,ARBOLETES,LA ATOYOSA,414-13,414-13,CLOSED,R793,PRIMARIA,13.2,RST,8.6859,-76.42267,2018-09-24,2020-05-27,RURAL,57901322,57902882,14288766-5,2018-09-25,5051,TURBO
14296563,ARBOLETES,LA ATOYOSA,414-12,414-12,CLOSED,R1089,PRIMARIA,13.2,TR,8.624239999999999,-76.3737,2018-10-09,2020-06-09,RURAL,57915497,57915500,14296563-5,2018-10-10,5051,TURBO
14296910,TURBO,NUEVA COLONIA,406-11,406-11,CLOSED,R1552,PRIMARIA,13.2,TSR,7.93819,-76.67444,2018-10-10,2020-06-09,RURAL,57915484,57915485,14296910-5,2018-10-10,5837,TURBO
14362743,TURBO,URABA,411-13,411-13,CLOSED,R1245,PRIMARIA,13.2,RST,8.08336,-76.66441999999999,2019-02-07,2020-01-15,RURAL,57351828,57351835,13098903-5,2019-02-07,5837,TURBO
14366423,ARBOLETES,LA ATOYOSA,414-12,414-12,CLOSED,R1500,PRIMARIA,13.2,TR,8.63374,-76.36985,2019-02-14,2020-06-09,RURAL,57929059,57929060,14366423-5,2019-02-14,5051,TURBO
14379743,SAN PEDRO DE URABÁ,S.PEDRO URABA,407-12,407-12,CLOSED,R1504,PRIMARIA,13.2,RS,8.39471,-76.31952,2019-03-07,2020-06-09,RURAL,57933550,57933551,14379743-5,2019-03-07,5665,TURBO
14410934,TURBO,URABA,411-12,411-12,CLOSED,R2733,PRIMARIA,13.2,TSR,7.996910000000001,-76.63815,2019-05-08,2020-06-09,RURAL,57945664,57945666,14410934-5,2019-05-08,5837,TURBO
14414432,APARTADÓ,APARTADO,401-12,401-12,CLOSED,R2765,PRIMARIA,13.2,RST,7.88393,-76.62215,2019-05-13,2020-06-09,URBANO,57946848,57946829,14414432-5,2019-05-13,5045,APARTADO
14432311,CAREPA,ZUNGO,405-13,405-13,CLOSED,R204,PRIMARIA,13.2,RST,7.78291,-76.75201,2019-06-17,2020-06-09,RURAL,57953336,57953341,14432311-5,2019-06-17,5147,APARTADO
14434464,TURBO,TURBO,402-12,402-12,CLOSED,R2680,PRIMARIA,7.621,S,8.10979,-76.73383000000001,2019-06-20,2020-06-09,RURAL,57953980,57953978,14434464-5,2019-06-20,5837,TURBO
14434715,CAREPA,ZUNGO,405-11,405-11,CLOSED,R2749,PRIMARIA,13.2,RST,7.8232,-76.72223000000001,2019-06-20,2020-06-09,RURAL,57954059,57954066,14434715-5,2019-06-20,5147,APARTADO
14434949,TURBO,TURBO,402-13,402-13,CLOSED,R2693,PRIMARIA,13.2,RST,8.130469999999999,-76.70313,2019-06-20,2020-06-09,RURAL,57954134,57954136,14434949-5,2019-06-20,5837,TURBO
14437322,APARTADÓ,APARTADO,401-11,401-11,CLOSED,R2637,PRIMARIA,7.621,T,7.86724,-76.60509,2019-06-26,2020-06-09,RURAL,57955006,57955008,14437322-5,2019-06-26,5045,APARTADO
14453902,SAN PEDRO DE URABÁ,LA ATOYOSA,414-12,414-12,CLOSED,R1576,PRIMARIA,7.621,R,8.52544,-76.29382,2019-07-23,2020-06-09,RURAL,57960569,57960571,14453902-5,2019-07-23,5665,TURBO
14455391,SAN PEDRO DE URABÁ,S.PEDRO URABA,407-12,407-12,CLOSED,R2700,PRIMARIA,7.621,R,8.26627,-76.3725,2019-07-25,2020-06-09,RURAL,57961099,57961093,14455391-5,2019-07-25,5665,TURBO
21200952,ARBOLETES,ARBOLETES,409-12,409-12,CLOSED,R1570,PRIMARIA,13.2,RST,8.8477,-76.43167,2019-08-06,2019-08-06,URBANO,51147420,57492303,13092625-5,2019-08-07,5051,TURBO
21200953,ARBOLETES,ARBOLETES,409-11,409-11,CLOSED,R1569,PRIMARIA,13.2,RST,8.8478,-76.4316,2019-08-06,2019-11-18,URBANO,51147402,51147407,12986989-5,2019-08-06,5051,TURBO
21200954,ARBOLETES,ARBOLETES,409-13,409-13,CLOSED,R1572,PRIMARIA,13.2,RST,8.8478,-76.43177,2019-08-06,2019-08-06,URBANO,57165207,57218286,12975075-5,2019-08-06,5051,TURBO
21201214,ARBOLETES,ARBOLETES,409-G1,409-G1,CLOSED,R1568,PRIMARIA,13.2,RST,8.84777,-76.43114,2019-08-06,2020-06-09,URBANO,57963996,57963997,21201214-5,2019-08-06,5051,TURBO
21204331,ARBOLETES,ARBOLETES,409-G2,409-G2,CLOSED,R1567,SUBTRANSMISION,34.5,RST,8.84764,-76.43111999999999,2019-08-12,2020-06-09,URBANO,57964926,57964932,21204331-5,2019-08-12,5051,TURBO
21206688,SAN PEDRO DE URABÁ,S.PEDRO URABA,407-12,407-12,CLOSED,R2565,PRIMARIA,13.2,RS,8.45582,-76.36511,2019-08-15,2020-06-09,RURAL,57965802,57965803,21206688-5,2019-08-15,5665,TURBO
21206710,SAN PEDRO DE URABÁ,S.PEDRO URABA,407-11,407-11,CLOSED,R2683,PRIMARIA,7.621,S,8.26206,-76.37926999999999,2019-08-15,2020-06-09,RURAL,57965808,57965811,21206710-5,2019-08-15,5665,TURBO
21207410,MUTATÁ,CAUCHERAS,404-12,404-12,CLOSED,R2652,PRIMARIA,7.621,R,7.4298,-76.53791,2019-08-16,2020-06-09,RURAL,57966038,57966041,21207410-5,2019-08-17,5480,APARTADO
21215526,MUTATÁ,CAUCHERAS,404-11,404-11,CLOSED,R2657,PRIMARIA,13.2,RT,7.317539999999999,-76.48775,2019-08-30,2020-06-09,RURAL,57874629,57968888,21215526-5,2019-08-30,5480,APARTADO
21217632,TURBO,PUEBLO BELLO,410-11,410-11,CLOSED,R2623,PRIMARIA,7.621,T,8.202869999999999,-76.52519000000001,2019-09-04,2020-06-09,RURAL,57969588,57969589,21217632-5,2019-09-04,5837,TURBO
21217759,ARBOLETES,ARBOLETES,409-12,409-12,CLOSED,R2658,PRIMARIA,7.621,T,8.8378,-76.43494,2019-09-04,2020-06-09,RURAL,57969611,57969612,21217759-5,2019-09-04,5051,TURBO
21239308,CAREPA,CAREPA,412-14,412-14,CLOSED,R2639,PRIMARIA,7.621,R,7.774380000000001,-76.65657,2019-10-01,2020-06-09,RURAL,57975968,57975969,21239308-5,2019-10-01,5147,APARTADO
21239529,NECOCLÍ,NECOCLI,415-12,415-12,CLOSED,R2624,PRIMARIA,13.2,STR,8.419960000000001,-76.64664,2019-10-01,2020-06-09,RURAL,57976029,57976033,21239529-5,2019-10-01,5490,TURBO
21248852,TURBO,URABA,406-G1,406-G1,CLOSED,R2802,PRIMARIA,13.2,RST,7.93405,-76.70833,2019-10-15,2020-06-09,RURAL,57979188,57984358,21248852-5,2019-10-15,5837,TURBO
21255887,TURBO,CIRILO,413-11,413-11,CLOSED,R2650,PRIMARIA,7.621,R,8.169410000000001,-76.73035,2019-10-23,2020-06-09,RURAL,57981064,57981075,21255887-5,2019-10-23,5837,TURBO
21257299,SAN PEDRO DE URABÁ,LA ATOYOSA,414-12,414-12,CLOSED,R2605,PRIMARIA,7.621,R,8.53762,-76.28560999999999,2019-10-24,2020-06-09,RURAL,57981483,57981486,21257299-5,2019-10-24,5665,TURBO
21257480,NECOCLÍ,LA ATOYOSA,414-11,414-11,CLOSED,R2630,PRIMARIA,7.621,S,8.54466,-76.59118000000001,2019-10-24,2020-06-09,RURAL,57981557,57981559,21257480-5,2019-10-24,5490,TURBO
21275481,TURBO,NUEVA COLONIA,406-13,406-13,CLOSED,R1496,PRIMARIA,13.2,RST,7.9336899999999995,-76.70877,2019-11-19,2020-06-09,RURAL,57994044,57994046,21275481-5,2019-11-19,5837,TURBO
21275609,TURBO,NUEVA COLONIA,406-11,406-11,CLOSED,R1494,PRIMARIA,13.2,RST,7.93398,-76.70878,2019-11-20,2020-06-09,RURAL,57993397,57993398,21275609-5,2019-11-20,5837,TURBO
21275756,TURBO,NUEVA COLONIA,406-12,406-12,CLOSED,R1495,PRIMARIA,13.2,RST,7.93382,-76.70878,2019-11-20,2020-06-09,RURAL,57993525,57993526,21275756-5,2019-11-20,5837,TURBO
21295156,TURBO,URABA,411-41,411-41,CLOSED,R1030,SUBTRANSMISION,44.0,TSR,7.93439,-76.70873,2019-12-17,2019-12-27,RURAL,57993437,57993448,6001386-5,2019-12-17,5837,TURBO
21310067,ARBOLETES,ARBOLETES,409-12,409-12,CLOSED,R1104,PRIMARIA,13.2,RST,8.83035,-76.45297,2020-01-15,2020-02-12,RURAL,57998128,57998129,21310067-5,2020-01-15,5051,TURBO
21337965,TURBO,TURBO,402-15,402-15,CLOSED,R2919,PRIMARIA,13.2,RST,8.09043,-76.72576,2020-02-14,2020-06-24,URBANO,58005811,58005813,21337965-5,2020-02-14,5837,TURBO
21345591,APARTADÓ,APARTADO,401-15,401-15,CLOSED,R2915,PRIMARIA,13.2,STR,7.88312,-76.63234,2020-02-24,2020-02-27,URBANO,58009319,58009320,21345591-5,2020-02-24,5045,APARTADO
21348119,APARTADÓ,APARTADO,401-13,401-13,CLOSED,R2914,PRIMARIA,13.2,RTS,7.88771,-76.63069,2020-02-26,2020-03-17,URBANO,58008831,58008832,21348119-5,2020-02-26,5045,APARTADO
21350841,TURBO,NUEVA COLONIA,406-12,406-12,CLOSED,R2934,PRIMARIA,13.2,SRT,7.9336,-76.71434,2020-02-27,2020-03-03,RURAL,58010518,58010519,21350841-5,2020-02-27,5837,TURBO
21359349,TURBO,TURBO,402-16,402-16,CLOSED,R2922,PRIMARIA,13.2,RST,8.09152,-76.72854,2020-03-09,2020-05-06,URBANO,70751884,70751886,21359349-5,2020-03-09,5837,TURBO
